Date,Close,High,Low,Open,Volume,EMA_50,EMA_200,MACD_line,MACD_hist,MACD_signal_line,RSI_14,Signal
2024-03-15,2157.300048828125,2161.699951171875,2157.300048828125,2161.699951171875,100,,,,,,,0
2024-03-18,2160.699951171875,2160.699951171875,2146.199951171875,2146.199951171875,21,,,,,,100.0,0
2024-03-19,2156.300048828125,2156.300048828125,2156.10009765625,2156.10009765625,12,,,,,,90.94644830704311,0
2024-03-20,2157.89990234375,2185.89990234375,2150.89990234375,2157.300048828125,17,,,,,,91.25642558635458,0
2024-03-21,2182.39990234375,2211.60009765625,2182.39990234375,2207.0,63,,,,,,94.41181144931731,0
2024-03-22,2158.10009765625,2179.60009765625,2157.5,2179.199951171875,19,,,,,,68.14449857512733,0
2024-03-25,2174.800048828125,2179.39990234375,2166.199951171875,2166.199951171875,79,,,,,,73.5839416249285,0
2024-03-26,2175.60009765625,2182.699951171875,2175.60009765625,2182.699951171875,202373,,,,,,73.81462419177403,0
2024-03-27,2190.60009765625,2196.199951171875,2172.10009765625,2179.39990234375,31200,,,,,,77.73961681242119,0
2024-03-28,2217.39990234375,2234.10009765625,2187.10009765625,2193.60009765625,2040,,,,,,82.72254703801836,0
2024-04-01,2236.5,2264.199951171875,2230.0,2235.699951171875,400,,,,,,85.25571769995787,0
2024-04-02,2261.0,2279.199951171875,2247.60009765625,2252.0,435,,,,,,87.73899861956433,0
2024-04-03,2294.39990234375,2298.800048828125,2267.89990234375,2281.699951171875,285,,,,,,90.16970526956045,0
2024-04-04,2288.800048828125,2302.89990234375,2280.0,2301.699951171875,251,,,,,,87.05361817950276,0
2024-04-05,2325.699951171875,2328.39990234375,2267.39990234375,2289.199951171875,344,,,,,,89.60326084758827,0
2024-04-08,2331.699951171875,2341.800048828125,2319.0,2325.60009765625,202,,,,,,89.94984938424871,0
2024-04-09,2343.5,2364.699951171875,2337.800048828125,2337.800048828125,211,,,,,,90.61264200461041,0
2024-04-10,2329.60009765625,2358.10009765625,2327.699951171875,2346.60009765625,377,,,,,,83.61722701947853,0
2024-04-11,2354.800048828125,2376.300048828125,2330.60009765625,2341.5,283,,,,,,85.76313755591747,0
2024-04-12,2356.199951171875,2429.0,2334.300048828125,2377.300048828125,584,,,,,,85.87383338264472,0
2024-04-15,2365.800048828125,2384.699951171875,2326.0,2362.10009765625,1801,,,,,,86.64093953911024,0
2024-04-16,2390.800048828125,2390.800048828125,2371.39990234375,2384.0,41,,,,,,88.40654289086508,0
2024-04-17,2371.699951171875,2391.39990234375,2369.300048828125,2384.199951171875,37,,,,,,79.73589833446496,0
2024-04-18,2382.300048828125,2384.39990234375,2368.39990234375,2368.39990234375,128,,,,,,80.85795373097915,0
2024-04-19,2398.39990234375,2399.800048828125,2377.300048828125,2379.300048828125,160,,,,,,82.44766611145701,0
2024-04-22,2332.199951171875,2383.300048828125,2326.89990234375,2383.300048828125,53,,,70.8686169428538,,,60.279854648197905,0
2024-04-23,2327.699951171875,2330.800048828125,2294.199951171875,2327.699951171875,171,,,64.34002021541164,,,59.11628833458306,0
2024-04-24,2324.5,2328.699951171875,2314.60009765625,2321.300048828125,95,,,58.23653641563715,,,58.25515807726587,0
2024-04-25,2329.800048828125,2329.800048828125,2305.0,2315.0,1024,,,53.2137363489328,,,59.31233022135382,0
2024-04-26,2334.800048828125,2347.89990234375,2332.800048828125,2347.89990234375,717,,,49.070930184433564,,,60.33291249676551,0
2024-04-29,2345.39990234375,2345.5,2327.89990234375,2334.800048828125,405,,,46.11150135953994,,,62.48146334958966,0
2024-04-30,2291.39990234375,2322.5,2291.39990234375,2322.5,113,,,38.959681039642874,,,48.16780216116043,0
2024-05-01,2299.89990234375,2327.300048828125,2283.800048828125,2287.699951171875,42,,,33.59048072018368,,,50.105396966991876,0
2024-05-02,2299.199951171875,2324.699951171875,2292.300048828125,2321.699951171875,56,,,28.945208231452852,-20.314426375001403,49.259634606454256,49.939841320435704,0
2024-05-03,2299.0,2301.0,2277.60009765625,2300.0,194,,,24.959939285187374,-19.439756257013514,44.39969554220089,49.88912983737454,0
2024-05-06,2321.60009765625,2325.5,2314.199951171875,2322.800048828125,9,,,23.355990615703377,-16.834963941198012,40.19095455690139,55.40163643800486,0
2024-05-07,2315.199951171875,2324.300048828125,2315.199951171875,2324.300048828125,25,,,21.322617544098193,-15.094669610242555,36.41728715434075,53.60329181470522,0
2024-05-08,2313.60009765625,2313.60009765625,2313.60009765625,2313.60009765625,4,,,19.358902548926835,-13.646707684331133,33.00561023325797,53.13894947907174,0
2024-05-09,2332.10009765625,2339.5,2310.699951171875,2310.699951171875,5,,,19.075548606283064,-11.144049301579926,30.21959790786299,57.70188210135866,0
2024-05-10,2367.300048828125,2367.300048828125,2367.300048828125,2367.300048828125,126,,,21.44413579762295,-7.020369688192037,28.464505485814986,64.7374717154018,0
2024-05-13,2336.10009765625,2358.300048828125,2336.10009765625,2358.300048828125,14,,,20.56660389339322,-6.318321273937414,26.884925167330636,55.86727095202437,0
2024-05-14,2353.39990234375,2358.0,2336.0,2336.0,6,,,21.024743044428305,-4.688145698321865,25.71288874275017,59.205039381432144,0
2024-05-15,2388.699951171875,2388.699951171875,2356.0,2361.60009765625,29,,,23.960044074469806,-1.4022757346242933,25.3623198090941,65.01870548183119,0
2024-05-16,2380.0,2392.199951171875,2380.0,2389.5,7,,,25.292719214501176,-0.05568047567433965,25.348399690175516,62.64905505008969,0
2024-05-17,2412.199951171875,2415.800048828125,2380.699951171875,2380.699951171875,213,,,28.617258871091053,2.6150873447324265,26.002171526358627,67.38671220938079,0
2024-05-20,2433.89990234375,2435.800048828125,2409.699951171875,2415.800048828125,40,,,32.62688281094961,5.2997690276727845,27.327113783276825,70.13587268472816,0
2024-05-21,2421.699951171875,2429.5,2421.0,2429.5,6,,,34.423294262245236,5.676944383174728,28.746349879070507,66.73013248985359,0
2024-05-22,2389.199951171875,2417.60009765625,2375.800048828125,2417.5,180,,,32.84585828520039,3.279606724903907,29.566251560296486,58.570671592884246,0
2024-05-23,2335.0,2371.199951171875,2335.0,2371.199951171875,365,,,26.912020793346983,-2.123384613559601,29.035405406906584,48.02434639191232,0
2024-05-24,2332.5,2345.39990234375,2332.5,2342.60009765625,25,2307.573994140625,,21.756882920318276,-5.822817989270646,27.579700909588922,47.59860976002928,0
2024-05-28,2355.199951171875,2359.699951171875,2336.89990234375,2336.89990234375,26,2309.4416787300856,,19.280837866324873,-6.639090434611241,25.919928300936114,51.778721361835174,0
2024-05-29,2340.300048828125,2340.300048828125,2340.300048828125,2340.300048828125,119317,2310.651810890793,,15.932595681314979,-7.989866095696911,23.92246177701189,49.01486143445396,0
2024-05-30,2342.89990234375,2349.5,2320.800048828125,2336.89990234375,32587,2311.9164419281637,,13.335156692239707,-8.469844067817746,21.805000760057453,49.52118021925497,0
2024-05-31,2322.89990234375,2354.0,2319.0,2344.10009765625,941,2312.34716586603,,9.552716952169249,-9.801827046310567,19.354543998479816,45.75673273918553,0
2024-06-03,2346.60009765625,2347.5,2312.0,2322.60009765625,781,2313.690418093098,,8.371018013200228,-8.786820788223672,17.1578388014239,50.553538035584474,0
2024-06-04,2325.5,2347.699951171875,2313.89990234375,2347.5,890,2314.153538952192,,5.666590621051455,-9.192998544297957,14.859589165349412,46.602319867506715,0
2024-06-05,2354.10009765625,2354.300048828125,2326.199951171875,2326.39990234375,295,2315.7200706660765,,5.764649991564056,-7.2759513390282855,13.040601330592342,52.07058221410989,0
2024-06-06,2370.300048828125,2375.800048828125,2355.0,2355.0,179,2317.860461966549,,7.06808691389233,-4.7780115333600115,11.846098447252341,54.88860244959306,0
2024-06-07,2305.199951171875,2385.10009765625,2285.39990234375,2379.89990234375,269,2317.3639713471503,,2.8155799954015492,-7.224414761480634,10.039994756882184,43.7552748600873,0
2024-06-10,2307.699951171875,2309.300048828125,2290.5,2290.60009765625,69,2316.9849901638063,,-0.34881237658328246,-8.311045706772374,7.9622333301890915,44.22316055632817,0
2024-06-11,2307.5,2314.10009765625,2300.0,2300.0,871,2316.6130297652257,,-2.8400126204637672,-8.641796760522288,5.801784140058521,44.191496590519364,0
2024-06-12,2336.0,2338.699951171875,2310.300048828125,2314.89990234375,132,2317.373303107766,,-2.4859385936410945,-6.630178186959693,4.1442395933185985,49.71780763274318,0
2024-06-13,2300.199951171875,2317.699951171875,2296.199951171875,2309.39990234375,298,2316.699838325966,,-5.03604473448604,-7.344227462243712,2.308182727757671,43.844610151700664,0
2024-06-14,2331.39990234375,2331.39990234375,2305.800048828125,2307.0,948,2317.2763114247027,,-4.487715324178225,-5.436718441548717,0.9490031173704918,49.4492210280842,0
2024-06-17,2312.39990234375,2320.199951171875,2309.60009765625,2320.199951171875,110,2317.085079696038,,-5.522639970527962,-5.177314470318763,-0.34532550020919883,46.41139426375995,0
2024-06-18,2330.39990234375,2330.39990234375,2311.800048828125,2311.800048828125,43,2317.6072296037914,,-4.834644864727579,-3.5914554916147043,-1.243189373112875,49.57205860325736,0
2024-06-20,2353.800048828125,2354.0,2328.300048828125,2328.89990234375,183,2319.026555847883,,-2.373843340179519,-0.9045231736533152,-1.469320166526204,53.41842655370287,0
2024-06-21,2316.39990234375,2331.199951171875,2316.39990234375,2331.199951171875,76,2318.923549828113,,-3.402300060837206,-1.5463839154488013,-1.8559161453884045,47.219198548636385,0
2024-06-24,2330.0,2332.89990234375,2322.699951171875,2323.300048828125,99,2319.357920423089,,-3.0843902704168613,-0.9827793000227656,-2.1016109703940957,49.513624864458976,0
2024-06-25,2316.60009765625,2333.0,2316.60009765625,2324.39990234375,105,2319.249770510664,,-3.8691039803247804,-1.4139944079445477,-2.4551095723802328,47.330476258196434,0
2024-06-26,2299.199951171875,2314.39990234375,2298.0,2307.89990234375,986,2318.4635030856134,,-5.827861689344445,-2.6982016935713693,-3.1296599957730757,44.58162985624026,0
2024-06-27,2324.5,2329.0,2295.0,2296.800048828125,1532,2318.700228454805,,-5.277849028477249,-1.7185512261633384,-3.5592978023139104,49.20134259466702,0
2024-06-28,2327.699951171875,2338.300048828125,2319.0,2325.39990234375,92,2319.053158757435,,-4.53151424025782,-0.7777731503551277,-3.7537410899026926,49.771660126186596,0
2024-07-01,2327.60009765625,2329.699951171875,2321.699951171875,2323.800048828125,237,2319.3883328318984,,-3.9031033420137646,-0.11948980168885726,-3.7836135403249074,49.7528891229394,0
2024-07-02,2323.0,2334.60009765625,2323.0,2330.699951171875,30,2319.5299668384905,,-3.733238168195385,0.040300297703618426,-3.773538465899003,48.83906819007941,0
2024-07-03,2359.800048828125,2361.60009765625,2330.89990234375,2330.89990234375,59,2321.1091857400447,,-0.6219924626107058,2.521236802630638,-3.143229265241344,55.82862643611044,0
2024-07-05,2388.5,2388.5,2354.89990234375,2354.89990234375,72,2323.7519627698466,,4.112136231688055,5.804292397543519,-1.6921561658554642,60.375308842952535,0
2024-07-08,2355.199951171875,2383.800048828125,2352.800048828125,2381.699951171875,64,2324.985217216985,,5.117935316638977,5.448073185995553,-0.33013786935657596,53.49489655826418,0
2024-07-09,2360.10009765625,2363.699951171875,2360.10009765625,2363.10009765625,9,2326.3622713518585,,6.238525369794388,5.254930591320771,0.983594778473617,54.319853835844725,0
2024-07-10,2372.199951171875,2377.0,2365.800048828125,2366.300048828125,19,2328.159827423232,,8.010616713315812,5.621617547873756,2.388999165442056,56.377619598470545,0
2024-07-11,2415.0,2416.699951171875,2378.699951171875,2378.699951171875,72,2331.5653243870265,,12.721967197084268,8.266374425313769,4.455592771770499,62.76683138961247,0
2024-07-12,2414.0,2414.0,2391.300048828125,2399.800048828125,355,2334.7980567640057,,16.18844444565366,9.386281339106526,6.802163106547132,62.53636321392377,0
2024-07-15,2422.89990234375,2436.0,2422.89990234375,2430.0,540,2338.2530311004666,,19.429825446220548,10.102129871738732,9.327695574481815,63.80998207496504,0
2024-07-16,2462.39990234375,2462.39990234375,2427.39990234375,2427.39990234375,93,2343.1215358551053,,24.898943603972384,12.456998423592454,12.44194518037993,68.86852844346005,0
2024-07-17,2454.800048828125,2473.10009765625,2454.800048828125,2472.89990234375,10,2347.501085383459,,28.293860471575044,12.68153223295609,15.612328238618954,66.93009372594626,0
2024-07-18,2451.800048828125,2466.0,2451.800048828125,2466.0,2,2351.591240812662,,30.391942228567586,11.823691191958904,18.568251036608682,66.13871054451172,0
2024-07-19,2395.5,2419.199951171875,2395.5,2418.800048828125,15,2353.3131529376556,,27.198219570650963,6.903974827233824,20.29424474341714,53.382148814178485,0
2024-07-22,2392.0,2402.10009765625,2392.0,2402.10009765625,18,2354.8302841950026,,24.106861709654368,3.0500935729897805,21.056768136664587,52.70162106039624,0
2024-07-23,2404.60009765625,2404.60009765625,2388.699951171875,2395.800048828125,41,2356.78204158564,,22.41527161211161,1.0868027803576155,21.328468831753995,54.929212236937,0
2024-07-24,2413.300048828125,2421.0,2411.60009765625,2421.0,6,2358.998434026522,,21.528520243278763,0.16004112921981317,21.36847911405895,56.454188922582745,0
2024-07-25,2351.89990234375,2365.5,2351.89990234375,2365.5,31,2358.720060235041,,15.690415374433542,-4.542450991700328,20.23286636613387,44.90608835772981,0
2024-07-26,2380.0,2386.89990234375,2368.699951171875,2368.699951171875,95,2359.5545676768043,,13.179196667723772,-5.642935758728079,18.82213242645185,49.9518372082642,0
2024-07-29,2377.300048828125,2377.300048828125,2377.300048828125,2377.300048828125,126409,2360.250468898425,,10.846146628326096,-6.380788638500604,17.2269352668267,49.48290509524521,0
2024-07-30,2405.0,2409.300048828125,2373.800048828125,2380.89990234375,25944,2362.005352471036,,11.104338324807031,-4.898077553615735,16.002415878422767,54.23019097785796,0
2024-07-31,2426.5,2447.60009765625,2402.800048828125,2407.10009765625,1313,2364.5345543349167,,12.895179815499432,-2.4857888503386683,15.3809686658381,57.563607727484445,0
2024-08-01,2435.0,2455.10009765625,2430.39990234375,2446.699951171875,690,2367.297905145312,,14.829369817432053,-0.44127907872483974,15.270648896156892,58.839905540181846,0
2024-08-02,2425.699951171875,2477.0,2416.0,2444.0,550,2369.5881814600793,,15.43388094015063,0.1305856351949899,15.30329530495564,56.826122946439675,0
2024-08-05,2401.699951171875,2449.800048828125,2367.39990234375,2442.0,334,2370.8474665468166,,13.817086168033711,-1.1889673095375421,15.006053477571253,51.890529130398285,0
2024-08-06,2389.10009765625,2421.800048828125,2380.0,2414.5,163,2371.5632560020886,,11.387790426034826,-2.894610441229144,14.28240086726397,49.46168721376046,0
2024-08-07,2390.5,2401.0,2384.5,2392.199951171875,130,2372.305873413771,,9.466393773246182,-3.8528056752142312,13.319199448460413,49.74315152088988,0
2024-08-08,2422.199951171875,2422.800048828125,2384.300048828125,2384.300048828125,201,2374.2625039140894,,10.381917927669292,-2.3498252166328975,12.73174314430219,55.752615428903106,0
2024-08-09,2432.10009765625,2432.10009765625,2418.5,2422.300048828125,611,2376.5306448451543,,11.770651751938203,-0.7688731138911891,12.539524865829392,57.46330774934661,0
2024-08-12,2462.39990234375,2469.800048828125,2432.0,2432.699951171875,566,2379.8980667078445,,15.141631028052416,2.081684929778419,13.059946098273997,62.271057217563985,0
2024-08-13,2466.699951171875,2470.0,2456.5,2461.0,510,2383.302062177022,,17.953181295877584,3.9145881580828696,14.038593137794715,62.91172515125441,0
2024-08-14,2439.39990234375,2472.10009765625,2439.39990234375,2468.0,274,2385.5019774776783,,17.77358651320219,2.987994700325981,14.78559181287621,56.367451225718725,0
2024-08-15,2453.10009765625,2467.699951171875,2431.199951171875,2451.800048828125,285,2388.1528841513477,,18.523223429046993,2.990105292936626,15.533118136110367,58.68983922327062,0
2024-08-16,2498.60009765625,2508.0,2451.39990234375,2453.5,197,2392.4841474260497,,22.52908456335217,5.596773141793442,16.93231142155873,65.29630557742429,0
2024-08-19,2501.800048828125,2508.5,2487.199951171875,2508.5,88,2396.7710455202487,,25.66610480977124,6.987034710570008,18.679070099201233,65.71161899296798,0
2024-08-20,2511.300048828125,2527.300048828125,2500.699951171875,2503.5,187,2401.262378983303,,28.589227740044862,7.928126112674903,20.66110162736996,66.97520642687715,0
2024-08-21,2508.39990234375,2515.39990234375,2503.89990234375,2511.0,96,2405.463850487634,,30.32226988620596,7.728934607068798,22.59333527913716,66.17348527787502,0
2024-08-22,2478.89990234375,2504.10009765625,2471.10009765625,2504.10009765625,210,2408.343695658462,,28.981237153013353,5.110321499100955,23.870915653912398,58.50219829627428,0
2024-08-23,2508.39990234375,2508.39990234375,2486.5,2486.5,94,2412.2674684696494,,29.953576326118764,4.866128537765093,25.08744778835367,63.10796104442372,0
2024-08-26,2517.699951171875,2523.10009765625,2509.10009765625,2509.89990234375,290,2416.4020756344426,,31.11591346140949,4.822772538444653,26.293140922964838,64.44761641923108,0
2024-08-27,2516.0,2523.10009765625,2506.89990234375,2515.199951171875,100,2420.3078765899545,,31.53637051424994,4.194583673028077,27.34178684122186,63.990202037270194,0
2024-08-28,2501.0,2501.0,2501.0,2501.0,2353,2423.472273586427,,30.30981839879132,2.3744252460555657,27.935393152735756,59.947135516551604,0
2024-08-29,2525.699951171875,2525.699951171875,2503.89990234375,2504.10009765625,3966,2427.4812021191897,,30.973799958523614,2.4307254446302835,28.54307451389333,63.98264808106983,0
2024-08-30,2493.800048828125,2525.39990234375,2493.800048828125,2519.5,208,2430.081941205815,,28.596314099456777,0.04259166845075413,28.553722431006022,56.118540716291484,0
2024-09-03,2489.89990234375,2501.800048828125,2476.300048828125,2501.60009765625,206,2432.4277436033813,,26.096604785485397,-1.9656941164165005,28.062298901901897,55.22482818869334,0
2024-09-04,2493.39990234375,2493.39990234375,2483.5,2490.89990234375,470,2434.818808652023,,24.11994814592981,-3.1538806047776724,27.273828750707484,55.903511688046315,0
2024-09-05,2511.39990234375,2513.300048828125,2493.39990234375,2493.699951171875,54,2437.8219887967966,,23.73231176854688,-2.833213585728487,26.565525354275366,59.31869521727596,0
2024-09-06,2493.5,2517.89990234375,2483.699951171875,2510.300048828125,96,2440.0054402165306,,21.730241921026845,-3.8682267465988147,25.59846866762566,54.77552092257474,0
2024-09-09,2501.800048828125,2504.699951171875,2491.300048828125,2491.300048828125,96,2442.428758201299,,20.576142751327097,-4.017860733038852,24.59400348436595,56.44144772268583,0
2024-09-10,2512.300048828125,2512.300048828125,2512.300048828125,2512.300048828125,5,2445.1688088141154,,20.275054880464722,-3.4551588831209834,23.730213763585706,58.52298033454416,0
2024-09-11,2512.10009765625,2525.800048828125,2502.300048828125,2525.800048828125,90,2447.7935652392975,,19.792154547639257,-3.15044737275716,22.942601920396417,58.46568356294275,0
2024-09-12,2551.199951171875,2557.0,2523.39990234375,2529.10009765625,132,2451.8487176288104,,22.307338845987488,-0.5082104595271453,22.815549305514633,65.56531348282641,0
2024-09-13,2581.300048828125,2581.800048828125,2565.0,2568.800048828125,31,2456.9252404209406,,26.424857538399465,2.887446586307867,23.537410952091598,69.83942387018888,0
2024-09-16,2580.39990234375,2580.39990234375,2580.39990234375,2580.39990234375,28,2461.7673840257567,,29.277889187110304,4.592382588014964,24.68550659909534,69.56135804192239,0
2024-09-17,2564.300048828125,2581.800048828125,2564.300048828125,2581.199951171875,22,2465.7882728415357,,29.895200435570132,4.167755069179833,25.7274453663903,64.60665481577392,0
2024-09-18,2570.699951171875,2570.699951171875,2549.199951171875,2570.699951171875,25,2469.9024563054704,,30.54869632505506,3.857000766931808,26.691695558123254,65.65393453545452,0
2024-09-19,2588.0,2588.0,2566.0,2566.0,99,2474.5337325287855,,32.092622112792014,4.320741243735007,27.771880869057007,68.37783565669922,0
2024-09-20,2619.89990234375,2621.800048828125,2590.39990234375,2590.39990234375,17,2480.234366639176,,35.48124424612888,6.167490701657496,29.313753544471385,72.68029742651807,0
2024-09-23,2626.5,2626.5,2626.5,2626.5,9,2485.970273829797,,38.25830647991279,7.155642348353119,31.10266413155967,73.48415047970411,0
2024-09-24,2651.199951171875,2662.300048828125,2625.5,2636.800048828125,35,2492.4498690196824,,41.968441867899855,8.692622189072146,33.27581967882771,76.29519371856823,0
2024-09-25,2659.199951171875,2664.199951171875,2649.300048828125,2656.300048828125,175,2498.9890879276113,,45.03514689418216,9.407461772283561,35.6276851218986,77.14048721140522,0
2024-09-26,2669.89990234375,2669.89990234375,2660.800048828125,2662.300048828125,17216,2505.691472806676,,47.77817232855068,9.720389765321663,38.05778256322902,78.2572528010298,0
2024-09-27,2644.300048828125,2672.10009765625,2641.699951171875,2670.0,4228,2511.12710323889,,47.340632176697454,7.426279690774749,39.914352485922706,69.50801344034268,0
2024-09-30,2636.10009765625,2662.10009765625,2623.199951171875,2660.89990234375,973,2516.028004980747,,45.80420852063207,4.711884827767491,41.09232369286458,66.92691266694645,0
2024-10-01,2667.300048828125,2670.89990234375,2631.39990234375,2631.39990234375,153,2521.9602419943694,,46.56735750442658,4.380027049249591,42.18733045517699,71.29468272983203,0
2024-10-02,2647.10009765625,2657.199951171875,2640.0,2650.60009765625,72,2526.867687314443,,45.02319199933663,2.268689235327713,42.75450276400892,65.28337809554289,0
2024-10-03,2657.10009765625,2657.10009765625,2640.0,2642.800048828125,354,2531.9748406611807,,44.0980117090312,1.074807156017826,43.02320455301337,66.77681613785185,0
2024-10-04,2645.800048828125,2667.0,2639.0,2656.0,114,2536.4385743147864,,41.969185515704794,-0.8432152298468623,42.812400745551656,63.45496357421043,0
2024-10-07,2644.800048828125,2657.39990234375,2639.0,2648.699951171875,284,2540.688043903545,,39.74324834981462,-2.4553219165896323,42.19857026640425,63.15555065614472,0
2024-10-08,2615.0,2639.0,2609.300048828125,2639.0,687,2543.6022382602687,,35.16915410136289,-5.623532932033086,40.79268703339598,54.84975427439402,0
2024-10-09,2606.0,2607.699951171875,2603.0,2603.0,152,2546.0492093088856,,30.466725227489405,-8.260769444725263,38.72749467221467,52.59984783400486,0
2024-10-10,2620.60009765625,2628.300048828125,2602.5,2602.5,320,2548.9727735578017,,27.59996708831477,-8.902022067119923,36.50198915543469,55.76948604013744,0
2024-10-11,2657.60009765625,2658.10009765625,2638.199951171875,2638.300048828125,12,2553.232668620486,,27.990968921288186,-6.8088161873172055,34.79978510860539,62.59572976085598,0
2024-10-14,2647.800048828125,2655.300048828125,2647.800048828125,2655.0,40,2556.9411933345114,,27.196553711017714,-6.082585118070142,33.279138829087856,59.95632492819789,0
2024-10-15,2661.39990234375,2661.39990234375,2661.39990234375,2661.39990234375,39,2561.037613295658,,27.34910499525995,-4.744027067062326,32.093132062322276,62.33013536328532,0
2024-10-16,2674.0,2674.0,2674.0,2674.0,6,2565.4675108134757,,28.16209051537544,-3.144833237557471,31.30692375293291,64.4337882454048,0
2024-10-17,2691.0,2691.699951171875,2677.199951171875,2677.39990234375,30,2570.3903535266727,,29.834234834379004,-1.1781511348431266,31.01238596922213,67.10307378900899,0
2024-10-18,2713.699951171875,2719.60009765625,2713.699951171875,2713.699951171875,29,2576.0103377480536,,32.61515045033639,1.282211584891403,31.332938865444984,70.30759722852109,0
2024-10-21,2723.10009765625,2738.39990234375,2719.5,2721.89990234375,52,2581.7785636268063,,35.17211710033507,3.0713425879120706,32.100774512423,71.54377191669765,0
2024-10-22,2744.199951171875,2746.0,2728.60009765625,2731.699951171875,93,2588.148029805044,,38.457795900294514,5.085617110297207,33.37217878999731,74.1457081717546,0
2024-10-23,2714.39990234375,2742.5,2714.199951171875,2742.5,18,2593.099083630091,,38.21656831966766,3.87551162373628,34.34105669593138,65.0930493084058,0
2024-10-24,2734.89990234375,2736.10009765625,2729.0,2729.0,27,2598.6599000502347,,39.22738353918112,3.9090614745997883,35.31832206458133,67.98850952276948,0
2024-10-25,2740.89990234375,2742.39990234375,2725.5,2725.5,29,2604.2379393558626,,40.05092955402233,3.7860859915527953,36.26484356246954,68.80412403922503,0
2024-10-28,2742.89990234375,2742.89990234375,2729.5,2736.10009765625,56,2609.6756633946034,,40.3992812231545,3.307550128547973,37.09173109460653,69.08686293613935,0
2024-10-29,2768.39990234375,2768.39990234375,2768.39990234375,2768.39990234375,848,2615.9001433533936,,42.2460036850307,4.123418072339334,38.12258561269137,72.50813383702018,0
2024-10-30,2788.5,2789.0,2774.60009765625,2774.60009765625,231,2622.6687651826724,,44.81485666694198,5.353816843400487,39.46103982354149,74.86912650538568,0
2024-10-31,2738.300048828125,2787.5,2733.5,2787.39990234375,849,2627.2033253256313,,42.31222564285508,2.280948655450871,40.03127698740421,60.82059597684987,0
2024-11-01,2738.60009765625,2756.0,2734.199951171875,2745.5,109,2631.571826201342,,39.89321975394341,-0.11044578676863637,40.00366554071205,60.8678604749173,0
2024-11-04,2736.10009765625,2737.10009765625,2736.10009765625,2736.5,16,2635.6709741015343,,37.34393343352622,-2.1277856857486697,39.47171911927489,60.216048648845884,0
2024-11-05,2740.300048828125,2743.89990234375,2740.300048828125,2743.0,23,2639.7740750712046,,35.25609628527445,-3.372498267200349,38.6285945524748,60.9721802789544,0
2024-11-06,2667.60009765625,2734.5,2659.39990234375,2734.5,427,2640.8652916431674,,27.419121260423708,-8.967578633640876,36.386699894064584,45.02136976753657,0
2024-11-07,2698.39990234375,2699.10009765625,2662.5,2662.5,676,2643.1215508863274,,23.42353697089129,-10.370530338538636,33.79406730942993,50.88375935167336,0
2024-11-08,2687.5,2694.60009765625,2682.89990234375,2688.5,1038,2644.8618822241187,,19.15665066567817,-11.709933315001404,30.866583980679575,48.8966613126416,0
2024-11-11,2611.199951171875,2671.699951171875,2611.199951171875,2671.699951171875,20,2643.54180649658,,9.508725583672458,-17.086286717605695,26.595012301278153,37.77575563215293,0
2024-11-12,2600.0,2605.5,2592.800048828125,2605.5,118,2641.834284673185,,0.9480049776930173,-20.517605858868112,21.46561083656113,36.46473359198294,0
2024-11-13,2580.800048828125,2611.800048828125,2580.800048828125,2611.10009765625,53,2639.4407852282807,,-7.301535818226057,-23.01371732382975,15.712181505603692,34.26906036002295,0
2024-11-14,2568.199951171875,2576.199951171875,2554.199951171875,2555.10009765625,27,2636.64702702999,,-14.68677886660089,-24.319168297763667,9.632389431162776,32.870258342686036,0
2024-11-15,2565.699951171875,2565.699951171875,2565.699951171875,2565.699951171875,20,2633.8647887610446,,-20.504997450181236,-24.10990950507521,3.6049120548939744,32.58605017393265,0
2024-11-18,2610.60009765625,2610.699951171875,2589.39990234375,2591.699951171875,136,2632.9524479334054,,-21.247977561638436,-19.88231169322593,-1.3656658684125076,42.244724665067714,0
2024-11-19,2627.10009765625,2627.699951171875,2619.300048828125,2621.89990234375,87,2632.7229440009683,,-20.27170297589555,-15.124829685986434,-5.1468732899091165,45.34377249260932,0
2024-11-20,2648.199951171875,2648.199951171875,2638.5,2638.5,27,2633.3298854586506,,-17.592619723985536,-9.956597147261135,-7.6360225767244,49.10469609546025,0
2024-11-21,2672.10009765625,2672.10009765625,2655.699951171875,2659.300048828125,33,2634.850285936988,,-13.38657278742221,-4.600440168558247,-8.786132618863963,53.045944215089875,0
2024-11-22,2709.89990234375,2710.5,2685.60009765625,2687.5,41,2637.7934081490175,,-6.92331429752312,1.4902546570726738,-8.413568954595794,58.51732003764212,0
2024-11-25,2616.800048828125,2689.39990234375,2616.800048828125,2689.39990234375,94,2636.970139156041,,-9.20737856112737,-0.6350476852252598,-8.57233087590211,44.701184333764445,0
2024-11-26,2620.300048828125,2625.60009765625,2620.300048828125,2625.60009765625,177858,2636.316410123574,,-10.612757929351574,-1.6323416427595703,-8.980416286592003,45.224772810225694,0
2024-11-27,2639.89990234375,2657.89990234375,2627.199951171875,2633.5,61653,2636.456939230248,,-10.029374442476183,-0.839166524707343,-9.19020791776884,48.18354425074169,0
2024-11-29,2657.0,2664.300048828125,2620.699951171875,2636.39990234375,3861,2637.2625494565127,,-8.093902388243805,0.8770444236200277,-8.970946811863833,50.68633729459762,0
2024-12-02,2634.89990234375,2649.800048828125,2621.699951171875,2649.0,695,2637.169896628561,,-8.248239453508631,0.578165886684161,-8.826405340192792,47.49353506994017,0
2024-12-03,2644.699951171875,2654.699951171875,2636.0,2639.0,1062,2637.4651928851617,,-7.493391498940127,1.0664110730021328,-8.55980257194226,49.026884091509686,0
2024-12-04,2653.800048828125,2658.300048828125,2637.0,2639.199951171875,249,2638.10577547116,,-6.090657915244719,1.9753157253580333,-8.065973640602753,50.47322537724348,0
2024-12-05,2626.60009765625,2655.0,2625.699951171875,2652.39990234375,573,2637.654572419595,,-7.092037589419306,0.7791488409467577,-7.8711864303660635,46.24907467309246,0
2024-12-06,2638.60009765625,2643.10009765625,2617.5,2620.199951171875,571,2637.69165184064,,-6.838508415744855,0.8261424116969671,-7.664650827441822,48.304623755547645,0
2024-12-09,2664.89990234375,2677.10009765625,2630.800048828125,2632.10009765625,935,2638.7586420564485,,-4.463952610406977,2.560558573627876,-7.0245111840348535,52.584382406903316,0
2024-12-10,2697.60009765625,2698.199951171875,2661.0,2662.300048828125,437,2641.0661501191857,,0.05588820343700718,5.664319509977489,-5.608431306540481,57.31605451224446,0
2024-12-11,2733.800048828125,2733.800048828125,2693.10009765625,2701.800048828125,3387,2644.7027735979677,,6.484182516274814,9.674091058252236,-3.189908541977422,61.854236082251184,0
2024-12-12,2687.5,2725.10009765625,2677.39990234375,2725.10009765625,2365,2646.3810962019693,,7.753250433020639,8.75452717999845,-1.0012767469778097,53.95306318052159,0
2024-12-13,2656.0,2689.300048828125,2647.89990234375,2688.199951171875,1125,2646.7583081156176,,6.146357770265695,5.718107613794803,0.4282501564708914,49.33566922797247,0
2024-12-16,2651.39990234375,2663.300048828125,2651.0,2658.300048828125,877,2646.9403314186816,,4.450392961965008,3.2177142443952933,1.2326787175697147,48.68046495399908,0
2024-12-17,2644.39990234375,2652.300048828125,2632.5,2651.800048828125,705,2646.8407067490766,,2.512524317718089,1.0238764801186995,1.4886478375993897,47.64356788474054,0
2024-12-18,2636.5,2647.10009765625,2590.199951171875,2644.300048828125,566,2646.4351888373485,,0.3354267676791096,-0.9225768559362242,1.2580036236153338,46.44132046148385,0
2024-12-19,2592.199951171875,2610.300048828125,2582.10009765625,2582.10009765625,238,2644.308316772036,,-4.908005997332111,-4.932807696757956,0.02480169942584476,40.29999963648757,0
2024-12-20,2628.699951171875,2631.60009765625,2604.89990234375,2605.300048828125,592,2643.696224003402,,-6.048495987044134,-4.858638149175984,-1.189857837868151,46.5693304334056,0
2024-12-23,2612.300048828125,2627.699951171875,2611.10009765625,2620.0,451,2642.465001447509,,-8.181367864102413,-5.593208020987409,-2.5881598431150037,44.31740376976459,0
2024-12-24,2620.0,2620.0,2609.5,2613.0,35,2641.584020998587,,-9.144945248495787,-5.245428324304626,-3.8995169241911607,45.64637074745043,0
2024-12-26,2638.800048828125,2638.800048828125,2627.89990234375,2628.5,84,2641.4748456193533,,-8.295949899569678,-3.5171463803028136,-4.778803519266864,48.85593202322048,0
2024-12-27,2617.199951171875,2617.699951171875,2616.39990234375,2617.699951171875,642,2640.5228889743544,,-9.259326577124739,-3.5844184462863,-5.674908130838439,45.52940882938946,0
2024-12-30,2606.10009765625,2626.89990234375,2597.0,2620.699951171875,794,2639.1729755893307,2475.2644958496094,-10.794047883269286,-4.095311801944677,-6.6987360813246095,43.87612383911943,0
2024-12-31,2629.199951171875,2629.199951171875,2604.89990234375,2608.39990234375,401,2638.7818765925676,2476.7961919224676,-10.03073241095899,-2.6655970637075033,-7.365135347251487,48.099897062357535,0
2025-01-02,2658.89990234375,2663.10009765625,2633.0,2633.0,1728,2639.5708187788887,2478.6081691405902,-6.949156008276077,0.3327834711803277,-7.281939479456405,52.99771971713639,1
2025-01-03,2645.0,2658.699951171875,2641.800048828125,2658.699951171875,591,2639.783727846383,2480.263809248644,-5.564446979370587,1.373994000068655,-6.938440979439242,50.59140580950027,0
2025-01-06,2638.39990234375,2647.0,2617.300048828125,2645.5,960,2639.729460179613,2481.837302712277,-4.942652003611784,1.5966311806619666,-6.53928318427375,49.44344486067316,0
2025-01-07,2656.699951171875,2657.5,2653.0,2653.39990234375,643,2640.39496963029,2483.5772295626216,-2.939331224307807,2.879961567972755,-5.819292792280562,52.651509258363525,0
2025-01-08,2664.5,2676.89990234375,2653.5,2655.5,999,2641.340264938906,2485.377456134138,-0.7140551377169686,4.084190123650875,-4.7982452613678435,53.9915948532027,0
2025-01-09,2683.800048828125,2686.300048828125,2667.89990234375,2669.699951171875,1139,2643.005354503189,2487.351810290297,2.5771372028839323,5.900305971401421,-3.3231687685174887,57.21809913225304,0
2025-01-10,2708.5,2720.10009765625,2683.699951171875,2686.10009765625,403,2645.573771973652,2489.5522897898963,7.096704090821277,8.335898287471013,-1.2391941966497355,60.98867859655761,0
2025-01-13,2673.5,2711.199951171875,2673.5,2711.10009765625,765,2646.668918170764,2491.382615264624,7.764778386603666,7.203178066602721,0.561600320000945,53.75845933757852,0
2025-01-14,2677.5,2688.300048828125,2670.800048828125,2673.60009765625,794,2647.877980203283,2493.234529540598,8.518799235018832,6.365759132014309,2.1530401030045225,54.42345720538811,0
2025-01-15,2712.5,2712.5,2690.800048828125,2690.800048828125,930,2650.4121770580564,2495.416275515319,11.804498768848134,7.721166932674889,4.083331836173246,59.86259415282359,0
2025-01-16,2746.39990234375,2749.800048828125,2731.699951171875,2731.699951171875,1721,2654.176401579064,2497.9136250359998,16.948506296918367,10.292139568596097,6.65636672832227,64.30584476309696,0
2025-01-17,2744.300048828125,2751.60009765625,2725.5,2736.0,1214,2657.7106622554975,2500.3652312428867,20.618056572115165,11.169351875034316,9.44870469708085,63.83445311097173,0
2025-01-21,2755.0,2755.0,2724.800048828125,2746.0,1439,2661.5259304023407,2502.8989105340024,24.111654099759562,11.730359522142969,12.381294577616593,65.2329972296887,0
2025-01-22,2767.60009765625,2768.800048828125,2753.5,2754.5,2079,2665.6857016672,2505.532753191935,27.579162470352458,12.15829431418869,15.420868156163767,66.85829443202182,0
2025-01-23,2763.10009765625,2765.0,2745.39990234375,2760.0,2201,2669.5058740589275,2508.095612340834,29.622604498933015,11.361389074215396,18.26121542471762,65.67741683142181,0
2025-01-24,2777.300048828125,2792.0,2759.800048828125,2759.800048828125,1593,2673.733096598896,2510.7742634501606,32.018771942455714,11.006045214190475,21.01272672826524,67.62086876518208,0
2025-01-27,2737.5,2762.199951171875,2737.5,2761.10009765625,984,2676.2337594773708,2513.0302409282685,30.35629214761593,7.474852335480552,22.88143981213538,57.75054570575314,0
2025-01-28,2766.800048828125,2766.800048828125,2738.0,2738.0,2307,2679.7853786675964,2515.55531364369,31.045164669029873,6.530979885515592,24.51418478351428,62.13267033194937,0
2025-01-29,2769.10009765625,2769.10009765625,2769.10009765625,2769.10009765625,125692,2683.287916667152,2518.078147315457,31.414568235696606,5.520306761745861,25.894261473950746,62.46181760098911,0
2025-01-30,2823.0,2829.5,2770.0,2772.5,40141,2688.766821895891,2521.1121956008756,35.64569351636828,7.801145633934027,27.844547882434256,69.21489618890696,0
2025-01-31,2812.5,2838.0,2804.0,2829.0,3443,2693.61910339017,2524.0115767391753,37.71685214348827,7.897843408843208,29.81900873464506,66.69765330612975,0
2025-02-03,2833.89990234375,2848.39990234375,2780.89990234375,2818.199951171875,2649,2699.1203111922714,2527.095042665589,40.61684781160557,8.638271261568406,31.97857655003716,69.1594639423652,0
2025-02-04,2853.300048828125,2853.300048828125,2816.10009765625,2827.60009765625,2187,2705.1665754132855,2530.3408636224303,43.973644162170785,9.596054089706897,34.37759007246389,71.23540924548384,0
2025-02-05,2871.60009765625,2880.5,2848.0,2850.0,4519,2711.6933802071276,2533.736477891424,47.562321617852376,10.547785236310787,37.01453638154159,73.07642949362824,0
2025-02-06,2856.0,2871.699951171875,2836.300048828125,2865.199951171875,3116,2717.35246333626,2536.9430801014596,48.58749050521919,9.25836329894208,39.329127206277114,69.02096022870064,0
2025-02-07,2867.300048828125,2889.5,2857.800048828125,2859.89990234375,1822,2723.2327608065293,2540.2302141186406,49.73841030348876,8.327426477769315,41.41098382571945,70.30643575343142,0
2025-02-10,2914.300048828125,2916.10009765625,2863.800048828125,2864.199951171875,2237,2730.725595630906,2543.9523020261977,53.82259635280525,9.929290021668635,43.893306331136614,74.96042191798695,0
2025-02-11,2912.5,2945.39990234375,2890.0,2925.5,2554,2737.85400364538,2547.619443299569,56.26550065754418,9.897755461126053,46.36774519641813,74.47895390834536,0
2025-02-12,2909.0,2912.300048828125,2868.60009765625,2902.0,2504,2744.565611345561,2551.215269734399,57.25905245575814,8.713045807472007,48.54600664828613,73.49054798001747,0
2025-02-13,2925.89990234375,2937.699951171875,2910.60009765625,2911.300048828125,4670,2751.676760012157,2554.9434750339947,58.7330917728832,8.149668099677655,50.583423673205544,75.2018324071971,0
2025-02-14,2883.60009765625,2944.39990234375,2874.800048828125,2937.300048828125,1992,2756.8502242334944,2558.213690184465,55.8442995047003,4.208700665195799,51.6355988395045,64.055833746962,0
2025-02-18,2931.60009765625,2936.39990234375,2873.800048828125,2879.199951171875,4010,2763.7031604461513,2561.9289778210004,56.7736582745888,4.110447548067427,52.66321072652137,69.5678528864258,0
2025-02-19,2919.39990234375,2946.0,2917.10009765625,2938.699951171875,2630,2769.808915030371,2565.4859024431175,55.88156015456252,2.574679542432918,53.3068806121296,66.76536490441836,0
2025-02-20,2940.0,2955.800048828125,2924.199951171875,2949.10009765625,656,2776.4830752252583,2569.2124108765192,56.18910861823724,2.3057824048861093,53.88332621335113,69.03372162260825,0
2025-02-21,2937.60009765625,2940.0,2917.300048828125,2938.800048828125,570,2782.8013898303952,2572.8779599987056,55.598288468415376,1.3719698040513961,54.22631866436398,68.44760014308176,0
2025-02-24,2947.89990234375,2957.89990234375,2933.10009765625,2933.10009765625,415,2789.2758413015076,2576.6095216140793,55.32343330082358,0.8776917091676779,54.4457415916559,69.63901314946372,0
2025-02-25,2904.5,2943.199951171875,2890.0,2938.699951171875,1854,2793.7944357602723,2579.8721134388147,51.015523984823176,-2.7441740854661845,53.75969807028936,59.452120380339636,0
2025-02-26,2916.800048828125,2917.0,2913.0,2913.5,2050,2798.618185292345,2583.224630208858,48.0402083419408,-4.575591782678856,52.61580012461965,61.1850881945387,0
2025-02-27,2883.199951171875,2922.800048828125,2870.39990234375,2918.5,3215,2801.935117287621,2586.2094592731664,42.481304155229736,-8.107596775511936,50.58890093074167,54.35145154902173,0
2025-02-28,2836.800048828125,2877.10009765625,2834.10009765625,2877.10009765625,990,2803.3023695048955,2588.7028979752063,33.94050320482711,-13.318718180731658,47.25922138555877,46.60962997302092,0
2025-03-03,2890.199951171875,2891.800048828125,2863.39990234375,2872.699951171875,423,2806.7101178055614,2591.70286865378,31.122027396977956,-12.90975519086465,44.031782587842606,54.62081531281465,0
2025-03-04,2909.60009765625,2927.89990234375,2886.10009765625,2886.10009765625,885,2810.7450189761767,2594.8660251612678,30.10674290927409,-11.140031742854816,41.246774652128906,57.13712656752052,0
2025-03-05,2915.300048828125,2922.0,2893.0,2916.699951171875,551,2814.845216225273,2598.0544234067092,29.422892274109017,-9.459105902415914,38.88199817652493,57.87619737762615,0
2025-03-06,2916.60009765625,2918.60009765625,2903.800048828125,2904.0,870,2818.83560373237,2601.2240321057097,28.655515845107857,-8.181185865133664,36.83670171024152,58.05384937404455,0
2025-03-07,2904.699951171875,2927.300048828125,2900.5,2900.89990234375,531,2822.2028330437233,2604.2436929919404,26.778436976394914,-8.046611787077289,34.8250487634722,55.7366637818058,0
2025-03-10,2891.0,2915.10009765625,2880.199951171875,2910.10009765625,55,2824.9007611596558,2607.0969895790854,23.909750168377286,-8.73223887607594,32.641989044453226,53.108541503289516,0
2025-03-11,2912.89990234375,2916.699951171875,2880.39990234375,2884.39990234375,197,2828.3517078727577,2610.1398046314703,23.13672849529121,-7.604208439329614,30.740936934620823,56.629094826148965,0
2025-03-12,2939.10009765625,2939.10009765625,2910.0,2912.0,213,2832.6947819819143,2613.413041377986,24.357462383240545,-5.106779641104225,29.46424202434477,60.45437029099596,0
2025-03-13,2984.300048828125,2988.0,2935.199951171875,2937.10009765625,2366,2838.6400865641185,2617.1034593625645,28.64199401419637,-0.6577984081187225,29.299792422315093,66.02210813928187,0
2025-03-14,2994.5,3004.800048828125,2986.0,2994.39990234375,1800,2844.7522400321923,2620.8586488216433,32.48608761895002,2.549036157307942,29.93705146164208,67.14622227301662,0
2025-03-17,3000.0,3001.5,2989.0,2991.0,214,2850.84038748191,2624.631199579637,35.566376481717725,4.503460016060515,31.06291646565721,67.76549823205758,0
2025-03-18,3035.10009765625,3039.199951171875,3004.39990234375,3006.39990234375,428,2858.0662584691395,2628.7154672221905,40.37440117034794,7.449187763752583,32.925213406595354,71.46246601775066,0
2025-03-19,3035.89990234375,3050.89990234375,3030.89990234375,3035.199951171875,175,2865.040126856379,2632.7670536413107,43.74506702773215,8.655882896909432,35.089184130822716,71.54255649662281,0
2025-03-20,3040.0,3047.300048828125,3034.39990234375,3047.300048828125,185,2871.9012983522075,2636.8191227593074,46.2144561361215,8.900217604239025,37.314238531882474,71.97674465220851,0
2025-03-21,3018.199951171875,3037.5,3000.89990234375,3034.5,151,2877.6385004235667,2640.6139568728654,45.88346699958356,6.855382774160866,39.028084225422695,66.1938206200172,0
2025-03-24,3013.10009765625,3024.300048828125,3006.0,3024.300048828125,137,2882.950719922888,2644.3202866319043,44.69443059222294,4.533077093440198,40.161353498782745,64.8805485185025,0
2025-03-25,3023.699951171875,3028.800048828125,3023.699951171875,3026.39990234375,74,2888.470297618927,2648.0952086671277,44.09908348123827,3.1501839859644107,40.94889949527386,66.37382947209494,0
2025-03-26,3020.89990234375,3033.199951171875,3019.5,3033.199951171875,83,2893.663615451273,2651.8047081066966,42.906724060630495,1.5662596522853107,41.340464408345184,65.5805625164298,0
2025-03-27,3060.199951171875,3065.0,3025.5,3025.5,124359,2900.1944521461987,2655.868342366052,44.618620443188775,2.6225248278748694,41.996095615313905,70.84701002970503,0
2025-03-28,3086.5,3094.89990234375,3066.800048828125,3069.699951171875,31206,2907.5005520620343,2660.153234481813,47.54938508882469,4.44263157880863,43.10675351001606,73.7424606638383,0
2025-03-31,3122.800048828125,3132.5,3086.0,3091.0,3438,2915.9436695822733,2664.756685370831,52.199425272249755,7.2741374097869524,44.9252878624628,77.1201626702526,0
2025-04-01,3118.89990234375,3149.5,3104.0,3129.699951171875,1721,2923.9027375337037,2669.275523350661,54.936631106410005,8.009074595157756,46.92755651125225,75.98912480996273,0
2025-04-02,3139.89990234375,3168.60009765625,3117.39990234375,3120.699951171875,5946,2932.373214585078,2673.9583529923834,58.13032079292998,8.962211425342183,49.168109367587796,77.87101292750454,0
2025-04-03,3097.0,3166.89990234375,3052.0,3150.0,5516,2938.829166954291,2678.1677226143497,56.547831092064825,5.903777379581619,50.644053712483206,66.41859503812694,0
2025-04-04,3012.0,3127.699951171875,3011.0,3110.5,3247,2941.698611387456,2681.489436817192,47.882942225665374,-2.2088891894542684,50.09183141511964,50.55413341355029,0
2025-04-07,2951.300048828125,3050.800048828125,2949.699951171875,3016.39990234375,4424,2942.0751383459137,2684.1741195237687,35.70637573001022,-11.508364548087542,47.214740278097764,42.70886536004639,0
2025-04-08,2968.39990234375,3014.5,2968.39990234375,2994.0,3213,2943.1074820321032,2687.0022367657584,27.12351136879124,-16.07298312744522,43.19649449623646,45.28487364195572,0
2025-04-09,3056.5,3090.39990234375,2965.800048828125,2965.800048828125,2175,2947.5542474426093,2690.6788314248056,27.11787316242271,-12.862897067051001,39.98077022947371,56.20953676934871,0
2025-04-10,3155.199951171875,3167.0,3072.10009765625,3073.89990234375,3456,2955.697216216306,2695.3009321188065,34.67792055105929,-4.24227974273154,38.92020029379083,64.71055120652089,0
2025-04-11,3222.199951171875,3235.0,3182.10009765625,3182.10009765625,862,2966.1483038616225,2700.5437084277924,45.550573968924255,5.30429894010674,40.246275028817514,69.09630432706504,0
2025-04-14,3204.800048828125,3228.800048828125,3194.5,3215.5,263,2975.5071958210933,2705.561184451676,52.161913366110184,9.532510669834132,42.62940269627605,66.775321199449,0
2025-04-15,3218.699951171875,3218.699951171875,3214.0,3216.0,390,2985.044166619163,2710.6670428270018,57.856124039577026,12.181377074640778,45.67474696493625,67.70847941025131,0
2025-04-16,3326.60009765625,3334.89990234375,3238.300048828125,3238.300048828125,1874,2998.4385168559115,2716.795729939731,70.26549025213444,19.67259462975855,50.59289562237589,73.84868589898393,0
2025-04-17,3308.699951171875,3345.0,3287.800048828125,3345.0,824,3010.6056319271256,2722.6853241808467,77.75924992701175,21.733083443708686,56.026166483303065,71.42236661014978,0
2025-04-21,3406.199951171875,3418.5,3342.199951171875,3342.199951171875,78,3026.1191346426062,2729.4864647479217,90.52206163893015,27.59671612450167,62.925345514428486,76.04004686477481,0
2025-04-22,3400.800048828125,3485.60009765625,3361.699951171875,3422.199951171875,785,3040.812503826352,2736.1662019029486,99.05906365772489,28.906974514637128,70.15208914308776,75.31420756109371,0
2025-04-23,3276.300048828125,3370.300048828125,3256.199951171875,3321.199951171875,331,3050.047309512696,2741.5406680415076,94.68709585298848,19.628005367920565,75.05909048506791,60.88408504634118,0
2025-04-24,3332.0,3353.89990234375,3304.89990234375,3305.39990234375,560,3061.1042777671,2747.4158852749256,94.6260106766299,15.65353615324959,78.97247452338031,64.18983204130089,0
2025-04-25,3282.39990234375,3355.5,3266.10009765625,3355.5,162,3069.78253755442,2752.739109325362,89.54308987725653,8.456492283100971,81.08659759415556,59.37755286692234,0
2025-04-28,3332.5,3332.5,3284.5,3284.5,1300,3080.0851831405207,2758.5078744067014,88.53689943577001,5.960241473291546,82.57665796247846,62.440536519445416,0
2025-04-29,3318.800048828125,3340.0,3299.89990234375,3340.0,1278,3089.4465504223876,2764.0829209183576,85.64673247860674,2.4560596129026067,83.19067286570413,61.084184228279824,0
2025-04-30,3305.0,3318.699951171875,3268.0,3318.699951171875,207,3097.8996268764117,2769.465180411707,81.3054669221342,-1.5081647548559545,82.81363167699016,59.67792343316285,0
2025-05-01,3210.0,3275.0,3198.60009765625,3272.89990234375,2131,3102.295719940082,2773.8486114523866,69.39928488304986,-10.731477435152243,80.1307623182021,50.97745036399271,0
2025-05-02,3231.89990234375,3257.0,3225.0,3239.89990234375,1349,3107.3782368970888,2778.4063357398627,61.02720529713724,-15.282845616851887,76.31005091398913,52.68978005632704,0
2025-05-05,3311.300048828125,3315.699951171875,3239.699951171875,3242.699951171875,244,3115.375170698306,2783.708760745716,60.10633177647651,-12.962975310010108,73.06930708648662,58.367659053827914,0
2025-05-06,3411.39990234375,3430.89990234375,3356.800048828125,3365.5,2357,3126.98398370401,2789.9544437466916,66.68505073131928,-5.107405084133873,71.79245581545315,64.20078658821582,0
2025-05-07,3381.39990234375,3418.699951171875,3364.699951171875,3418.699951171875,1080,3136.9610785526274,2795.8394731854683,68.68621172749135,-2.4849952703694385,71.17120699786079,61.42315124155762,0
2025-05-08,3296.60009765625,3390.0,3288.699951171875,3390.0,200,3143.2214322429654,2800.822165966272,62.70666727104526,-6.771631781452427,69.47829905249769,54.27501074764463,0
2025-05-09,3335.39990234375,3335.5,3299.0,3299.0,216,3150.757842835153,2806.1413474227647,60.40237421304846,-7.26073987155938,67.66311408460784,56.75481886617667,0
2025-05-12,3220.0,3300.699951171875,3205.0,3300.699951171875,886,3153.4732215475,2810.259343965822,48.70298004374217,-15.168107232692535,63.87108727643471,48.35505739103006,0
2025-05-13,3240.300048828125,3251.39990234375,3223.5,3232.0,2424,3156.878195166348,2814.538355954502,40.60114542964948,-18.615953477428192,59.21709890707767,49.76356547730353,0
2025-05-14,3181.39990234375,3233.0,3171.699951171875,3233.0,3518,3157.8398307419325,2818.188719600166,29.0922759078353,-24.099858399393895,53.192134307229196,45.85578918894894,0
2025-05-15,3220.699951171875,3228.10009765625,3125.0,3151.0,652,3160.304933503891,2822.1938064814767,22.878866064694193,-24.250614594028008,47.1294806587222,48.7477508502095,0
2025-05-16,3182.0,3228.10009765625,3173.89990234375,3227.699951171875,199,3161.155720425307,2825.7739676110145,14.66290650932342,-25.97325931951903,40.63616582884245,46.13457271126181,0
2025-05-19,3228.89990234375,3241.0,3228.300048828125,3234.39990234375,266,3163.812355010344,2829.7851709416886,11.80010526106389,-23.068848454222852,34.86895371528674,49.656679316654646,0
2025-05-20,3280.300048828125,3293.199951171875,3207.5,3219.0,356,3168.3804998659434,2834.2679060450364,13.522992261766376,-17.076769162816298,30.599761424582674,53.26350866310331,0
2025-05-21,3309.300048828125,3317.5,3290.199951171875,3293.39990234375,979,3173.90675668799,2838.994594032928,17.032114643949626,-10.854117424506441,27.886232068456067,55.21314077033304,0
2025-05-22,3292.300048828125,3328.0,3282.699951171875,3327.300048828125,1210,3178.5496308895636,2843.5050960706913,18.231203522936994,-7.7240228364152586,25.955226359352253,53.79641591788048,0
2025-05-23,3363.60009765625,3363.60009765625,3323.5,3328.0,47,3185.8065119392377,2848.6801707133336,24.650650801618667,-1.0436604461868697,25.694311247805537,58.595082473095886,0
2025-05-27,3299.10009765625,3341.0,3296.300048828125,3332.5,189,3190.2493976536302,2853.161961031174,24.253914045012152,-1.1523177622347092,25.40623180724686,53.2111216416138,0
2025-05-28,3293.60009765625,3293.60009765625,3293.60009765625,3293.60009765625,127758,3194.3023662811843,2857.5444300523195,23.22793608419488,-1.7426365784415871,24.970572662636467,52.76589444584784,0
2025-05-29,3317.10009765625,3328.800048828125,3242.39990234375,3283.699951171875,24370,3199.1179635900107,2862.117123262309,24.03404524783673,-0.7492219318397915,24.78326717967652,54.51702292284737,0
2025-05-30,3288.89990234375,3318.0,3270.89990234375,3315.10009765625,2213,3202.6388239332946,2866.36371807904,22.142131772794983,-2.1129083255052343,24.255040098300217,52.02449996674594,0
2025-06-02,3370.60009765625,3380.800048828125,3296.89990234375,3296.89990234375,976,3209.2255405498813,2871.3809954877684,26.924925892516512,2.1359086353730348,24.789017257143477,58.013717901184876,0
2025-06-03,3350.199951171875,3390.0,3331.300048828125,3385.10009765625,6410,3214.753948809567,2876.1453632060184,28.737930387646884,3.159130504402725,25.57879988324416,56.129476791019464,0
2025-06-04,3373.5,3380.0,3344.0,3355.0,207,3220.9792841503686,2881.0941655621777,31.689571076529774,4.8886169546284926,26.80095412190128,57.81476610161775,0
2025-06-05,3350.699951171875,3400.0,3343.699951171875,3371.5,731,3226.0663691316045,2885.7668599463536,31.82216805074404,4.016971143074205,27.805196907669835,55.565352308486396,0
2025-06-06,3322.699951171875,3364.300048828125,3306.0,3364.300048828125,81,3229.8559213684775,2890.1144528938717,29.329790545632477,1.219674910370113,28.110115635262364,52.84609431392825,0
2025-06-09,3332.10009765625,3334.60009765625,3290.0,3315.60009765625,1887,3233.8654969091745,2894.5123200059356,27.792699735017777,-0.2539327201956709,28.046632455213448,53.665895215479416,0
2025-06-10,3320.89990234375,3344.300048828125,3302.0,3302.0,65,3237.2786108477853,2898.75498251676,25.378237511060433,-2.134715955322413,27.512953466382847,52.494825168784885,0
2025-06-11,3321.300048828125,3356.0,3321.300048828125,3328.0,2106,3240.5735691999557,2902.959411037271,23.2292746618582,-3.4269430436197226,26.65621770547792,52.53467615152522,0
2025-06-12,3380.89990234375,3395.89990234375,3353.39990234375,3363.0,1818,3246.0765626565753,2907.71503781644,26.03529750020425,-0.4967361642189374,26.53203366442319,58.164033195483086,0
2025-06-13,3431.199951171875,3444.0,3407.300048828125,3407.300048828125,499,3253.336303382666,2912.9238429244547,31.94958940257402,4.334044590520662,27.615544812053358,62.23484914991387,0
2025-06-16,3396.39990234375,3442.0,3385.39990234375,3442.0,480,3258.946640596826,2917.734549983353,33.4431237283693,4.662063133052754,28.781060595316546,58.027923667969986,0
2025-06-17,3386.60009765625,3398.300048828125,3376.10009765625,3398.300048828125,1477,3263.952658520725,2922.3998788159197,33.45040268400999,3.7354736709547502,29.714929013055237,56.8622487303107,0
2025-06-18,3389.800048828125,3391.89990234375,3365.10009765625,3385.300048828125,0,3268.887850297486,2927.0506267762403,33.3301711594454,2.8921937171121286,30.43797744233327,57.16483657010373,0
2025-06-20,3368.10009765625,3372.89990234375,3341.0,3350.0,709,3272.7785266644964,2931.4391787252953,31.125091425241408,0.549691186326509,30.5754002389149,54.379185256488384,0
2025-06-23,3377.699951171875,3387.89990234375,3350.0,3365.89990234375,30,3276.893092331453,2935.879584421281,29.808563236724694,-0.6134696017521648,30.42203283847686,55.41428932138476,0
2025-06-24,3317.39990234375,3358.0,3301.0,3358.0,538,3278.4815946848767,2939.675806490161,23.627136251036518,-5.435917269952274,29.06305352098879,48.04086044675985,0
2025-06-25,3327.10009765625,3331.199951171875,3310.60009765625,3321.60009765625,373,3280.388202644538,2943.5307745614655,19.288687540727096,-7.819492784209359,27.108180324936455,49.21159859304043,0
2025-06-26,3333.5,3333.5,3332.39990234375,3332.39990234375,2058,3282.471018227105,2947.411065361849,16.180337455618883,-8.74227429545406,24.922611751072942,50.01187899723577,0
2025-06-27,3273.699951171875,3318.699951171875,3253.800048828125,3318.699951171875,284,3282.1270548131743,2950.6577209420484,8.790254861844915,-12.905885511382426,21.69614037322734,43.167318235004565,0
2025-06-30,3294.39990234375,3306.89990234375,3262.0,3265.89990234375,1242,3282.6083429516284,2954.078041155001,4.551408423318662,-13.715785559926942,18.267193983245605,45.92607113503901,0
2025-07-01,3336.699951171875,3354.10009765625,3310.10009765625,3310.10009765625,371,3284.7295824896773,2957.8852243392485,4.552869856081088,-10.971459301731615,15.524329157812703,51.14498397915188,0
2025-07-02,3348.0,3357.5,3329.0,3329.0,39,3287.2107753332198,2961.7669634005497,5.403558693040395,-8.096616371817847,13.500175064858242,52.46485376699118,0
2025-07-03,3331.60009765625,3362.0,3322.300048828125,3362.0,0,3288.951533071378,2965.4468950846863,4.7002194616065935,-7.039964482601318,11.740183944207912,50.33928764937053,0
2025-07-04,3332.5,3342.0,3332.5,3342.0,0,3290.6593160881866,2969.099164785336,4.167393533213726,-6.058232328795349,10.225625862009075,50.45789712694396,0
2025-07-07,3332.199951171875,3333.300048828125,3299.199951171875,3305.5,254,3292.2883606012724,2972.712107933461,3.678510138261572,-5.2376925789980024,8.916202717259575,50.41466122366579,0
2025-07-08,3307.0,3334.5,3287.60009765625,3330.39990234375,909,3292.8652876365168,2976.0383556157153,1.2433089787814424,-6.138314990782506,7.3816239695639485,46.78850116078928,0
2025-07-09,3311.60009765625,3314.0,3282.0,3289.39990234375,114,3293.599986068663,2979.377278422089,-0.31182156366094205,-6.154756426579913,5.842934862918971,47.53040878398472,0
2025-07-10,3317.39990234375,3330.5,3311.60009765625,3323.60009765625,209,3294.533316118667,2982.7406876153395,-1.0640126795206015,-5.525558033951658,4.461545354431056,48.50525972216961,0
2025-07-11,3356.0,3370.0,3330.5,3330.5,776,3296.9437743100916,2986.454710624142,1.4379993667230337,-2.418836790166418,3.8568361568894516,54.55671673958542,0
2025-07-14,3351.5,3375.5,3350.0,3367.0,583,3299.0832341410687,2990.087002060718,3.0229033987748153,-0.6671462064917089,3.690049605266524,53.763497232903596,0
2025-07-15,3329.800048828125,3341.0,3329.800048828125,3341.0,210,3300.2878151091886,2993.467231381787,2.4991380495057456,-0.9527292446086228,3.4518672941143684,49.989069306577704,0
2025-07-16,3352.5,3352.89990234375,3329.5,3341.199951171875,10,3302.3353517715736,2997.039696741172,3.8711226921427624,0.3354043184227149,3.5357183737200475,53.654476810832996,0
2025-07-17,3340.10009765625,3340.800048828125,3313.800048828125,3313.800048828125,667,3303.8163221984237,3000.453233068685,3.912758077702165,0.30163176318569374,3.611126314516471,51.43674595428525,0
2025-07-18,3353.0,3353.0,3338.199951171875,3338.199951171875,602,3305.745093876917,3003.9611610978527,4.929840597198108,1.0549714261453094,3.874869171052799,53.58608022295884,0
2025-07-21,3401.89990234375,3411.699951171875,3350.300048828125,3350.300048828125,53,3309.515870679538,3007.920750562986,9.571366512006534,4.557197872762988,5.014168639243547,60.688717671481335,0
2025-07-22,3439.199951171875,3441.0,3395.60009765625,3411.0,39,3314.601520894924,3012.212085892428,16.074316733408068,8.848118475331617,7.226198258076451,65.078566405351,0
2025-07-23,3394.10009765625,3433.89990234375,3388.10009765625,3430.300048828125,63,3317.719112140466,3016.0119666064966,17.3883285439897,8.1297042287306,9.258624315259102,56.817022256024956,0
2025-07-24,3371.0,3371.0,3367.0,3367.0,1175,3319.808558723193,3019.5441858442427,16.376924553559547,5.6946401906403565,10.68228436291919,53.09883217359572,0
2025-07-25,3334.0,3345.0,3326.5,3344.0,67,3320.365085832088,3022.673099417932,12.446315449335088,1.4112248691327167,11.035090580202372,47.71289281521625,0
2025-07-28,3309.10009765625,3326.800048828125,3309.10009765625,3326.60009765625,533,3319.9233215898985,3025.5231193009004,7.238623053084666,-3.037174021694165,10.275797074778831,44.44561535815407,0
2025-07-29,3323.39990234375,3323.39990234375,3323.39990234375,3323.39990234375,113144,3320.0596580900497,3028.487067390879,4.216755902284149,-4.847232937995747,9.063988840279896,46.702823536033314,0
2025-07-30,3295.800048828125,3331.800048828125,3263.89990234375,3325.800048828125,19252,3319.108300864092,3031.146898051946,-0.4005557459117881,-7.5716356689533475,7.171079923041559,43.065791999234705,0
2025-07-31,3293.199951171875,3312.0,3272.89990234375,3272.89990234375,3704,3318.092287150672,3033.7543911178163,-4.220958066838648,-9.113630391904167,4.892672325065519,42.728204667896954,0
2025-08-01,3347.699951171875,3360.60009765625,3281.0,3286.199951171875,3420,3319.2533720142483,3036.878227536265,-2.8184703346096285,-6.168914127740118,3.3504437931304896,51.338713463299726,0
2025-08-04,3374.39990234375,3386.5,3347.39990234375,3367.60009765625,351,3321.4159810467777,3040.2366521612153,0.4423747950595498,-2.326455198456752,2.768829993516302,54.914896482548784,0
2025-08-05,3381.89990234375,3387.199951171875,3351.199951171875,3378.5,915,3323.787899529012,3043.63628649139,3.5904172779050896,0.6572698275110302,2.9331474503940593,55.89541404918181,0
2025-08-06,3380.0,3383.300048828125,3361.300048828125,3380.699951171875,1492,3325.992295625914,3046.9831891133663,5.864356731027328,2.344967424506615,3.519389306520713,55.5657404933604,0
2025-08-07,3400.300048828125,3422.89990234375,3384.89990234375,3384.89990234375,5464,3328.9063251632556,3050.4987797572944,9.198480063996158,4.543272605980356,4.655207458015802,58.389704896862945,0
2025-08-08,3439.10009765625,3477.0,3402.5,3438.800048828125,7657,3333.2276495747456,3054.3654595373837,14.801019561141402,8.11664968250048,6.684369878640922,63.20330450207336,0
2025-08-11,3353.10009765625,3383.89990234375,3349.199951171875,3383.89990234375,1488,3334.0069612642164,3057.3379434987655,12.16140213513063,4.381625805191765,7.779776329938864,49.527165580456206,0
2025-08-12,3348.89990234375,3356.199951171875,3330.10009765625,3356.199951171875,1611,3334.590998169296,3060.2390575171235,9.619676011360298,1.4719197451371464,8.147756266223151,48.96984108567051,0
2025-08-13,3358.699951171875,3363.39990234375,3358.699951171875,3358.800048828125,1011,3335.5364473066525,3063.208817652992,8.300439484594335,0.12214657469694679,8.178292909897388,50.37306050648856,0
2025-08-14,3335.199951171875,3356.0,3328.89990234375,3346.800048828125,592,3335.5232513797982,3065.915197090991,5.297613835594348,-2.3045432594424327,7.60215709503678,47.03320594802139,0
2025-08-15,3336.0,3346.800048828125,3335.89990234375,3346.800048828125,1185,3335.54194740412,3068.60260806521,2.948422548900453,-3.722987636909062,6.671410185809515,47.16164934533186,0
2025-08-18,3331.699951171875,3347.800048828125,3331.699951171875,3333.5,646,3335.3912808852087,3071.220492076222,0.7312639699139254,-4.752116972716472,5.483380942630397,46.508841750751024,0
2025-08-19,3313.39990234375,3343.5,3313.39990234375,3330.199951171875,1655,3334.528873883583,3073.6302374520187,-2.4739925323324314,-6.365898779970262,3.891906247637831,43.734356028895405,0
2025-08-20,3343.39990234375,3343.5,3310.10009765625,3310.60009765625,1213,3334.8767573526093,3076.3145127245734,-2.5638773414157185,-5.16462687124284,2.6007495298271213,49.09549291454583,0
2025-08-21,3336.89990234375,3349.39990234375,3326.5,3349.39990234375,142,3334.9560963718695,3078.9074021735205,-3.123600455752694,-4.579479988463852,1.4558795327111584,48.027711684121854,0
2025-08-22,3374.39990234375,3377.699951171875,3349.39990234375,3349.39990234375,1240,3336.5029122923356,3081.8476260558114,-0.535080383443983,-1.5927679329241131,1.05768754948013,54.214574758260085,0
2025-08-25,3373.800048828125,3378.0,3366.0,3366.0,1044,3337.9655450976607,3084.7526252873768,1.4512086278982679,0.31481686273451004,1.1363917651637578,54.103625690009366,0
2025-08-26,3388.60009765625,3396.5,3371.10009765625,3378.89990234375,905,3339.9512138254486,3087.7759832213956,4.171510652955021,2.4280951102330106,1.7434155427220106,56.47059670960733,0
2025-08-27,3404.60009765625,3404.60009765625,3382.0,3397.0,3222,3342.486464171755,3090.9284619719915,7.5316161067412395,4.630560451215382,2.9010556555258566,58.93615723362329,0
2025-08-28,3431.800048828125,3434.60009765625,3400.0,3409.0,1035,3345.988957687691,3094.3202190551374,12.248143651404007,7.4776703967025195,4.770473254701487,62.79427557113433,0
2025-08-29,3473.699951171875,3475.60009765625,3426.60009765625,3432.5,0,3350.9972319419726,3098.0951417627666,19.146291132320584,11.500654302095278,7.645636830225307,67.81132745737027,0
2025-09-02,3549.39990234375,3559.199951171875,3485.699951171875,3485.699951171875,658,3358.777728820474,3102.5857363954133,30.371373826153103,18.180589596742237,12.190784229410866,74.5012976020888,0
2025-09-03,3593.199951171875,3593.699951171875,3553.199951171875,3554.800048828125,72,3367.97075714798,3107.4674698757763,42.313862751187116,24.098462817421,18.215399933766115,77.42487714265833,0
2025-09-04,3565.800048828125,3573.60009765625,3549.89990234375,3549.89990234375,237,3375.728768586417,3112.0279930494316,49.002557160744345,24.629725781582582,24.372831379161763,71.87321522538382,0
2025-09-05,3613.199951171875,3613.199951171875,3567.800048828125,3567.800048828125,925,3385.0413639819253,3117.0147787023916,57.465742344818864,26.474328772525677,30.991413572293187,75.18774441015204,0
2025-09-08,3638.10009765625,3641.0,3590.0,3594.5,97,3394.9652358907224,3122.1997072491963,65.42789920465884,27.549188505892523,37.87871069876632,76.73851759828682,0
2025-09-09,3643.300048828125,3670.39990234375,3627.800048828125,3647.10009765625,535,3404.7038560059145,3127.384785274857,71.33525012331938,26.76523153964245,44.570018583676934,77.06095061083303,0
2025-09-10,3643.60009765625,3655.39990234375,3620.800048828125,3625.0,136,3414.0723360706334,3132.5212560448213,75.17451470829337,24.483596899693154,50.69091780860022,77.08069214791254,0
2025-09-11,3636.89990234375,3636.89990234375,3618.39990234375,3632.89990234375,307,3422.8106720029127,3137.539949042821,76.79130739571428,20.880311669691253,55.91099572602303,75.5177785675411,0
2025-09-12,3649.39990234375,3656.800048828125,3643.0,3655.5,1300,3431.696524173142,3142.633082906512,78.1800616961641,17.815252776112857,60.364808920051246,76.47608879723185,0
2025-09-15,3682.199951171875,3686.39990234375,3635.10009765625,3640.0,210,3441.520187977014,3148.0019074663664,80.99370429737883,16.503116301862065,64.49058799551676,78.81897617104485,0
2025-09-16,3688.89990234375,3698.60009765625,3681.39990234375,3681.39990234375,373,3451.221353246298,3153.3839770671366,82.80958900096039,14.655200804354905,68.15438819660548,79.2730833956156,0
2025-09-17,3681.800048828125,3685.199951171875,3661.60009765625,3669.0,183,3460.2636550338207,3158.6418484279425,82.72222159082821,11.654266715378185,71.06795487545003,77.37986011208987,0
2025-09-18,3643.699951171875,3667.39990234375,3637.0,3654.60009765625,80,3467.457235274529,3163.4682972114642,78.67174393121331,6.083031244610623,72.58871268660269,67.99525359909677,0
2025-09-19,3671.5,3685.89990234375,3658.199951171875,3659.0,211,3475.458912322587,3168.523339030256,76.81941639579645,3.3845629673550093,73.43485342844144,70.77992296604094,0
2025-09-22,3740.699951171875,3748.199951171875,3688.0,3688.199951171875,410,3485.8605216892256,3174.216638653556,80.01295170915728,5.262478624572665,74.75047308458461,76.30626423623454,0
2025-09-23,3780.60009765625,3786.0,3740.0,3747.0,627,3497.4189364330305,3180.2503049122893,84.78609844961329,8.02850029202294,76.75759815759035,78.79638104820306,0
2025-09-24,3732.10009765625,3772.5,3732.10009765625,3769.800048828125,588,3506.6221192260978,3185.74134762616,83.69057411863605,5.546380768836556,78.1441933497995,69.26700392236403,0
2025-09-25,3736.89990234375,3756.0,3724.699951171875,3742.800048828125,1899,3515.6526205248297,3191.2255123497184,82.26140900113342,3.2937725210671402,78.96763648006628,69.65808583326402,0
2025-09-26,3775.300048828125,3775.300048828125,3775.300048828125,3775.300048828125,19308,3525.834872615155,3197.037199279852,83.26750033516419,3.439891084078326,79.82760925108586,72.65599799632679,0
2025-09-29,3820.89990234375,3827.60009765625,3754.800048828125,3754.800048828125,8860,3537.4060502515704,3203.244788365065,86.74442630084923,5.533453639810688,81.21097266103854,75.72345232401702,0
2025-09-30,3840.800048828125,3865.5,3793.39990234375,3827.5,1611,3549.3038541173173,3209.5886218025084,90.06744919806442,7.0851812296207015,82.98226796844372,76.93926504027438,0
2025-10-01,3867.5,3891.89990234375,3853.300048828125,3863.5,1778,3561.782134348011,3216.13500367512,93.77445812329051,8.633752123877429,85.14070599941309,78.49540915968743,0
2025-10-02,3839.699951171875,3888.60009765625,3823.699951171875,3856.199951171875,3418,3572.6808722626724,3222.3396300183717,93.39248733912109,6.6014250717664,86.79106226735469,72.97382664006837,0
2025-10-03,3880.800048828125,3886.800048828125,3853.699951171875,3855.199951171875,392,3584.7639772260236,3228.891474981653,95.30756089858505,6.81319890498429,88.49436199360076,75.69579294243565,0
2025-10-06,3948.5,3960.0,3926.800048828125,3931.300048828125,1267,3599.028134981866,3236.0517588126813,101.12241451132286,10.102442014177683,91.01997249714518,79.37980569253268,0
2025-10-07,3976.60009765625,3981.5,3940.0,3959.39990234375,2903,3613.8348786161555,3243.4203990001797,106.76742254503324,12.597960038310447,94.1694625067228,80.68827881983383,0
2025-10-08,4043.300048828125,4049.199951171875,3987.199951171875,3987.199951171875,2179,3630.676649997017,3251.379400491005,115.2942206986022,16.89980655350351,98.3944141450987,83.38360447876913,0
2025-10-09,3946.300048828125,4046.199951171875,3940.0,4011.199951171875,3130,3643.0540381864726,3258.2940338077924,112.9229745716425,11.622848341235027,101.30012623040747,68.42655754093649,0
2025-10-10,3975.89990234375,4012.0,3945.5,3957.0,1697,3656.1068171730326,3265.4343907086477,112.13953102530968,8.67152383592176,103.46800718938792,70.1841374534336,0
2025-10-13,4108.60009765625,4111.0,4016.0,4016.0,1697,3673.8516517017865,3273.82409923549,120.83354917176848,13.892433585904442,106.94111558586404,76.49994292711338,0
2025-10-14,4138.7001953125,4160.10009765625,4085.800048828125,4131.7001953125,2424,3692.081006353187,3282.4298315347637,128.66922873861813,17.382490522203256,111.28673821641488,77.65611147199125,0
2025-10-15,4176.89990234375,4210.60009765625,4145.0,4145.0,3287,3711.0935120783074,3291.330031244306,136.3892480058662,20.082007831561043,116.30724017430515,79.06386174761366,0
2025-10-16,4280.2001953125,4307.0,4196.60009765625,4198.7998046875,4705,3733.4114212247464,3301.169535364388,149.1238819363357,26.253313409624425,122.87056852671127,82.30970879853942,0
2025-10-17,4189.89990234375,4358.0,4182.2001953125,4354.7001953125,4060,3751.3129302882367,3310.012623593039,150.19829960017842,21.862184858773702,128.3361147414047,71.82662150041263,0
2025-10-20,4336.39990234375,4356.60009765625,4214.60009765625,4244.10009765625,1750,3774.257517427669,3320.2254323368275,161.01502797384182,26.143130585949677,134.87189738789215,76.95469021917278,0
2025-10-21,4087.699951171875,4332.7001953125,4087.699951171875,4332.7001953125,2943,3786.5493775745003,3327.8619947132956,147.81543127312898,10.354827108189454,137.46060416493953,57.740628814895864,0
2025-10-22,4044.39990234375,4148.5,4006.0,4109.7001953125,1237,3796.6611628595692,3334.9917251374795,132.33522561792643,-4.100302837610485,136.4355284555369,55.15840916534448,0
2025-10-23,4125.5,4136.7998046875,4070.699951171875,4078.39990234375,354,3809.5568035317433,3342.857479116211,125.16828908437219,-9.013791496931788,134.18208058130398,58.868651645146365,0
2025-10-24,4118.39990234375,4120.60009765625,4074.89990234375,4117.5,123,3821.6682976028023,3350.5743191483257,117.56035906317629,-13.297377214502148,130.85773627767844,58.41297347403657,0
2025-10-27,4001.89990234375,4078.60009765625,3971.300048828125,4060.0,220,3828.7362036710747,3357.05517072241,100.96656364414002,-23.912938106830737,124.87950175097076,51.38462033421451,0
2025-10-28,3966.199951171875,3966.199951171875,3923.60009765625,3929.699951171875,219,3834.126938867185,3363.1163128164344,83.96725131472749,-32.729800348994615,116.6970516637221,49.42219704937494,0
2025-10-29,3983.699951171875,3983.699951171875,3983.699951171875,3983.699951171875,1344,3839.992547192859,3369.2912743921106,71.087821412028,-36.48738420135528,107.57520561338329,50.42175007626868,0
2025-10-30,4001.300048828125,4027.199951171875,3913.699951171875,3960.0,935,3846.318331570713,3375.579918913862,61.590978749590704,-36.78738149103408,98.37836024062479,51.46071518702043,0
2025-10-31,3982.199951171875,4034.5,3976.60009765625,4034.5,559,3851.647022535464,3381.615939135335,51.92488649448069,-37.16277899691528,89.08766549139597,50.23049617854291,0
2025-11-03,4000.300048828125,4020.0,3959.0,3976.199951171875,0,3857.476552978314,3387.771999928298,45.20388312764862,-35.10702589099789,80.31090901864651,51.41580532997118,0
2025-11-04,3947.699951171875,3995.39990234375,3927.39990234375,3994.199951171875,657,3861.0147254564927,3393.3434223287322,35.22697659555615,-36.067145938472294,71.29412253402845,47.849366080104176,0
2025-11-05,3980.300048828125,3983.5,3929.89990234375,3929.89990234375,559,3865.692581274988,3399.1837867715126,29.609442497742748,-33.34774402902856,62.95718652677131,50.15696182211392,0
2025-11-06,3979.89990234375,4007.5,3979.89990234375,4004.0,650,3870.1712997482728,3404.9620565782016,24.83889050785001,-30.494636815137042,55.33352732298705,50.12764194131119,0
2025-11-07,3999.39990234375,3999.39990234375,3980.800048828125,3980.800048828125,245,3875.2390880853504,3410.87686101368,22.373769826221178,-26.367805997412702,48.74157582363388,51.61210036589314,0
2025-11-10,4111.7998046875,4111.7998046875,4060.0,4060.0,189,3884.5159789324935,3417.851218662176,29.15380970904789,-15.67021289166879,44.82402260071668,59.158295048613674,0
2025-11-11,4106.7998046875,4140.10009765625,4106.7998046875,4140.10009765625,569,3893.2329917071997,3424.7064284733733,33.73470922170054,-8.871450703212915,42.606159924913456,58.71959965539802,0
2025-11-12,4204.39990234375,4204.39990234375,4102.89990234375,4115.60009765625,396,3905.435615653731,3432.464572491984,44.72505470166516,1.6951158214013589,43.0299388802638,64.28684737253649,0
2025-11-13,4186.89990234375,4228.7001953125,4163.7001953125,4228.7001953125,167,3916.4734308180455,3439.9713916944897,51.430025608171036,6.720069382325789,44.70995622584525,62.655200220130666,0
2025-11-14,4087.60009765625,4197.89990234375,4047.0,4197.7001953125,483,3923.184280497975,3446.4154584204775,48.17575884351709,2.772642094137474,45.40311674937961,54.24244244433361,0
2025-11-17,4068.300048828125,4099.5,4019.39990234375,4070.0,1552,3928.8750949422947,3452.6033647926934,43.5375031089261,-1.4924909123628112,45.029994021288914,52.759658299566595,0
2025-11-18,4061.300048828125,4063.39990234375,4035.60009765625,4037.39990234375,1375,3934.068230388798,3458.6600482159315,38.84898362331887,-4.94480831837604,43.79379194169491,52.20227691705313,0
2025-11-19,4077.699951171875,4122.7001953125,4072.0,4086.10009765625,486,3939.7008468900954,3464.8196492403686,36.041173003916356,-6.202095150222846,42.2432681541392,53.44324633659221,0
2025-11-20,4056.5,4090.39990234375,4040.199951171875,4045.0,202,3944.2812058355817,3470.7070159145937,31.739431564702954,-8.403069271549,40.142500836251955,51.57899265735387,0
2025-11-21,4076.699951171875,4085.199951171875,4031.800048828125,4031.800048828125,171,3949.474097809554,3476.7367963649153,29.618810512765776,-8.418952258788941,38.03776277155472,53.252288289748456,0
2025-11-24,4091.89990234375,4091.89990234375,4060.5,4060.5,591,3955.0594234775617,3482.857822295053,28.832350687919188,-7.364329666908425,36.19668035482761,54.525735930713616,0
2025-11-25,4139.2001953125,4139.2001953125,4139.2001953125,4139.2001953125,132704,3962.280630216187,3489.388592175824,31.660847407407346,-3.6286663579362184,35.289513765343564,58.329838682719625,0
2025-11-26,4165.2001953125,4171.0,4127.5,4128.60009765625,25088,3970.238260219964,3496.1130857393737,35.5901727869782,0.24052721730770799,35.34964556967049,60.29598220668553,0
2025-11-28,4218.2998046875,4223.89990234375,4140.0,4163.39990234375,3615,3979.9661639245737,3503.299023241345,42.49898432753207,5.719471006289261,36.77951332124281,64.02888434671293,0
2025-12-01,4239.2998046875,4262.10009765625,4214.89990234375,4218.5,913,3990.136110621159,3510.622414101506,49.10276562765239,9.858601845127659,39.24416378252473,65.41381325918613,0
2025-12-02,4186.60009765625,4230.5,4167.0,4230.5,366,3997.8405807009667,3517.3485602065284,49.51312744573579,8.215170930568846,41.297956515166945,59.24889376426617,0
2025-12-03,4199.2998046875,4234.10009765625,4195.7001953125,4215.7001953125,1897,4005.7409424259286,3524.1341447287273,50.28346587042233,7.188407484204312,43.09505838621802,60.221804959014364,0
2025-12-04,4211.7998046875,4211.7998046875,4175.0,4211.0,616,4013.8216821224605,3530.9765891064267,51.31112741830657,6.5728552256708355,44.73827219263573,61.203611875860155,0
2025-12-05,4212.89990234375,4255.7001953125,4194.5,4204.10009765625,533,4021.6286711507464,3537.761895705803,51.61929023987341,5.504814437790138,46.11447580208327,61.29415666438764,0
2025-12-08,4187.2001953125,4215.7998046875,4175.5,4205.5,318,4028.121672098266,3544.2239683387056,49.22235524869484,2.4863035572892542,46.736051691405585,57.89482510613791,0
2025-12-09,4206.7001953125,4219.7001953125,4177.7001953125,4190.7001953125,660,4035.124751440001,3550.8157715921766,48.339031762743616,1.2823840570704235,47.05664770567319,59.720203244122594,0
2025-12-10,4196.39990234375,4234.5,4183.60009765625,4209.0,692,4041.449267161717,3557.239494286222,46.27442125330617,-0.6257811618936202,46.90020241519979,58.28286845770251,0
2025-12-11,4285.5,4286.89990234375,4214.2998046875,4224.0,528,4051.0198841357674,3564.485867477404,51.237205182839716,3.469602214111937,47.76760296872778,65.9231503665707,0
2025-12-12,4300.10009765625,4355.0,4260.0,4276.39990234375,1531,4060.7877356463746,3571.8054120562983,55.70620659100314,6.350882897820284,49.355323693182854,66.98999885906727,0
2025-12-15,4306.7001953125,4349.2001953125,4292.89990234375,4308.2998046875,854,4070.4313615156348,3579.1177979593454,59.099235922217304,7.795129783227559,51.304106138989745,67.48556183033878,0
2025-12-16,4304.5,4321.39990234375,4270.5,4270.5,1796,4079.6105238091395,3586.3355313129837,60.90858251379814,7.6835810998467124,53.225001413951425,67.12379779760302,0
2025-12-17,4347.5,4351.39990234375,4308.5,4308.5,2169,4090.115993463683,3593.909307120815,65.06224628197378,9.469795894417885,55.5924503875559,70.45699556324725,0
2025-12-18,4339.5,4348.10009765625,4328.2001953125,4331.0,705,4099.8957584258915,3601.3281199852845,66.93691451878385,9.075571304982354,57.8613432138015,69.05425898107477,0
2025-12-19,4361.39990234375,4361.39990234375,4350.10009765625,4350.10009765625,1065,4110.150822893259,3608.891023292334,69.3898586004716,9.222812309336078,60.16704629113552,70.76987297656119,0
2025-12-22,4444.60009765625,4447.60009765625,4371.10009765625,4371.10009765625,449,4123.266480727102,3617.2065364700848,77.15796588483772,13.592735674961759,63.56523020987596,76.17411292816885,0
2025-12-23,4482.7998046875,4503.7998046875,4450.39990234375,4503.2998046875,694,4137.365826764765,3625.819404810557,85.41206684363078,17.477469307003844,67.93459753662694,78.169756050489,0
2025-12-24,4480.60009765625,4503.39990234375,4468.39990234375,4500.7001953125,500,4150.825994250706,3634.324685336385,90.73012296733032,18.236420344562703,72.49370262276761,77.76582052198111,0
2025-12-26,4529.10009765625,4556.2998046875,4502.0,4512.0,263,4165.660272815629,3643.2279232699157,97.73167550906328,20.190378309036532,77.54129720002675,80.19574803838682,0
2025-12-29,4325.10009765625,4379.0,4325.10009765625,4371.5,2044,4171.912814966241,3650.012721025004,85.82996681088662,6.6309356886878845,79.19903112219873,53.640999807852566,0
2025-12-30,4370.10009765625,4403.60009765625,4338.0,4346.39990234375,1837,4179.68486526781,3657.177769548698,79.1168905737295,-0.06571243877539246,79.1826030125049,57.021703247101854,0
2025-12-31,4325.60009765625,4363.7998046875,4285.0,4333.5,785,4185.407031243827,3663.8287379875796,69.40588337283862,-7.821375711733026,77.22725908457164,52.91244860422052,0
2026-01-02,4314.39990234375,4350.60009765625,4314.39990234375,4350.60009765625,589,4190.46557520853,3670.3020829065467,60.11313128598158,-13.691302238872055,73.80443352485364,51.89870149375939,0
2026-01-05,4436.89990234375,4443.5,4384.7998046875,4386.7001953125,618,4200.129666468735,3677.929921905922,61.91951490698102,-9.507934894298103,71.42744980127912,60.754983908619536,0
2026-01-06,4482.2001953125,4482.2001953125,4449.0,4449.7001953125,459,4211.191255835158,3685.9326111935497,66.2428358165871,-4.147691187753622,70.39052700434073,63.43599161301145,0
2026-01-07,4449.2998046875,4450.0,4449.2998046875,4450.0,972,4220.5288459862295,3693.5283046611517,66.25061635611837,-3.3119285185778864,69.56254487469626,60.21842413401043,0
2026-01-08,4449.7001953125,4461.2998046875,4418.0,4460.2001953125,2423,4229.515957724515,3701.0524030755932,65.53365943431345,-3.223108352306241,68.75676778661969,60.244851436794015,0
2026-01-09,4490.2998046875,4490.2998046875,4473.0,4473.0,237,4239.742775252475,3708.9056110518313,67.46383399632577,-1.0343470322351322,68.49818102856091,62.93373688228297,0
2026-01-12,4604.2998046875,4620.0,4577.7998046875,4579.10009765625,156,4254.039129347967,3717.8150060133803,77.30127749652002,7.042477174367292,70.25880032215272,69.22748780710805,0
2026-01-13,4589.2001953125,4617.10009765625,4578.60009765625,4578.60009765625,239,4267.182700562263,3726.485505409392,82.9232227673674,10.13153795617174,72.79168481119567,67.59043925300053,0
2026-01-14,4626.2998046875,4635.0,4608.2001953125,4610.2998046875,1313,4281.265724253449,3735.438881521612,89.34239975002674,13.240571951064865,76.10182779896188,69.49891475203361,0
2026-01-15,4616.2998046875,4616.2998046875,4612.89990234375,4612.89990234375,4358,4294.40431564302,3744.2036668267456,92.55580166236723,13.16317909072427,79.39262257164296,68.33090633745076,0
2026-01-16,4588.39990234375,4608.0,4588.39990234375,4608.0,352,4305.933554337166,3752.6036293692036,91.79302403734982,9.92032117256548,81.87270286478434,65.04633897530162,0
2026-01-20,4759.60009765625,4764.0,4661.7998046875,4662.2001953125,175,4323.724399173209,3762.6234947252938,103.80632752943256,17.546899731718568,86.259427797714,73.47270345180189,0
2026-01-21,4831.7998046875,4872.2998046875,4771.5,4863.5,1706,4343.648924879652,3773.262064973674,117.79500259233828,25.228459835699425,92.56654275663885,76.09048933221523,0
2026-01-22,4908.7998046875,4908.7998046875,4791.89990234375,4791.89990234375,1175,4365.81170447996,3784.560947955901,133.55484769755003,32.79064395272894,100.76420374482109,78.52450960711217,0
2026-01-23,4976.2001953125,4976.2001953125,4936.0,4949.60009765625,169,4389.748508042021,3796.418054894773,149.75698146006744,39.19422217219707,110.56275928787036,80.40493688273551,0
2026-01-26,5079.7001953125,5095.60009765625,5052.2001953125,5081.5,180,4416.805436954589,3809.1870314163425,169.00073889269242,46.750383683857635,122.25035520883479,82.88345540023614,0
2026-01-27,5079.89990234375,5079.89990234375,5079.89990234375,5079.89990234375,34,4442.8091414796545,3821.8309405797995,182.16775352310924,47.93391865141956,134.23383487168968,82.88795304503186,0
2026-01-28,5301.60009765625,5301.60009765625,5301.60009765625,5301.60009765625,112054,4476.487218192462,3836.555011794491,208.0932904975325,59.08756450067426,149.00572599685825,86.97854367878566,0
2026-01-29,5318.39990234375,5586.2001953125,5097.5,5415.7001953125,23709,4509.503401884669,3851.299737073588,227.3740427403418,62.694653394786826,164.67938934555497,87.22770230586194,0
2026-01-30,4713.89990234375,5440.5,4700.0,5376.39990234375,8374,4517.518950922281,3859.882823295182,191.66666580533092,21.58982116782076,170.07684463751016,50.08856967736988,0
2026-02-02,4622.5,4855.7998046875,4400.0,4807.7001953125,3588,4521.635854807681,3867.47105390916,154.21540487662787,-12.689151808705844,166.90455668533372,46.841146049882454,0
2026-02-03,4903.7001953125,4984.60009765625,4674.2998046875,4680.0,1213,4536.618770121596,3877.7817916345666,145.547732779336,-17.085459124798177,162.63319190413418,56.24102081989316,0
2026-02-04,4920.39990234375,5082.2001953125,4897.89990234375,4923.2998046875,3886,4551.669010600896,3888.156101193862,138.4303283320496,-19.36229085766766,157.79261918971727,56.73035740167205,0
2026-02-05,4861.39990234375,5012.2998046875,4786.0,5008.7001953125,793,4563.815320081008,3897.8401191157513,126.56990800061976,-24.978168951278008,151.54807695189777,54.41515883056615,0
2026-02-06,4951.2001953125,4958.5,4655.0,4762.0,1386,4579.006883815578,3908.3213139037784,122.998719909393,-22.839485634003836,145.83820554339684,57.27329276459471,0
2026-02-09,5050.89990234375,5065.7001953125,4979.10009765625,5017.39990234375,170,4597.51249238531,3919.690255082286,126.75233869044587,-15.268693482360788,142.02103217280666,60.252959800324696,0
2026-02-10,5003.7998046875,5029.0,5002.7001953125,5013.5,281,4613.445328161867,3930.4774147798507,124.491464262107,-14.02365432855973,138.51511859066673,58.18844650985414,0
2026-02-11,5071.60009765625,5111.2998046875,5041.2998046875,5049.89990234375,2681,4631.412181867529,3941.831869335835,126.70998813185997,-9.444104367045412,136.15409249890538,60.29733401548563,0
2026-02-12,4923.7001953125,5078.10009765625,4892.0,5060.39990234375,484,4642.8744569045875,3951.6017034251554,115.2058765820866,-16.758572733455026,131.96444931554163,53.90963424782286,0
2026-02-13,5022.0,5043.89990234375,4946.2001953125,4953.0,232,4657.74212526127,3962.2524327443084,112.72137615113024,-15.394458531529096,128.11583468265934,57.15814356911218,0
2026-02-17,4882.89990234375,5020.0,4847.7998046875,5020.0,540,4666.571842009603,3971.413104083607,98.39395205570872,-23.777506101560505,122.17145815726923,51.61438644556868,0
2026-02-18,4986.5,4987.0,4869.5,4872.2001953125,544,4679.118044283737,3981.513471207153,94.3118588930638,-22.287679411364337,116.59953830442814,55.106787999352164,0
2026-02-19,4975.89990234375,5014.7001953125,4975.89990234375,5014.7001953125,37,4690.7565485213845,3991.407863556771,89.19326689968784,-21.925017123792244,111.11828402348009,54.67197048188258,0
2026-02-20,5059.2998046875,5072.7001953125,5039.5,5039.5,134,4705.209225233782,4002.0336540157837,90.81951020409815,-16.239019055505565,107.05852925960372,57.512525528680584,0
2026-02-23,5204.7001953125,5211.60009765625,5120.2998046875,5120.2998046875,779,4724.79710641334,4014.000485272468,102.65754383770582,-3.5207883375183258,106.17833217522414,61.9852599290905,0
2026-02-24,5155.7998046875,5159.0,5112.7001953125,5158.7998046875,88,4741.699173012327,4025.361672530329,106.86158411232554,0.5466015496811139,106.31498256264443,59.70868909403463,0
2026-02-25,5206.39990234375,5206.39990234375,5166.0,5166.0,1772,4759.9227310253245,4037.1132967075773,112.97402705661625,5.327235595177456,107.6467914614388,61.292879278572215,0
2026-02-26,5176.5,5199.2001953125,5143.89990234375,5177.2001953125,1520,4776.2590945145275,4048.450477834865,114.09034738661194,5.154844740138515,108.93550264647342,59.79672487025361,0
2026-02-27,5230.5,5280.0,5176.7001953125,5186.7001953125,354,4794.072463357095,4060.2121646225783,117.97247474046435,7.229577675192729,110.74289706527162,61.618909490551154,0
2026-03-02,5294.39990234375,5405.0,5266.2998046875,5346.60009765625,72,4813.693147238925,4072.4926396247793,124.7670399512117,11.219314308752061,113.54772564245964,63.71472239825095,0
2026-03-03,5107.39990234375,5303.7998046875,5023.0,5298.7001953125,1776,4825.211059203821,4082.7902243284507,113.75119172657105,0.16277286728912088,113.58841885928193,54.35981916535708,0
2026-03-04,5120.2001953125,5180.2001953125,5117.2001953125,5130.7001953125,679,4836.779260619847,4093.112711601924,104.84533752270363,-6.994465069262645,111.83980259196628,54.84851042693098,0
2026-03-05,5065.2998046875,5169.5,5054.7001953125,5169.5,1701,4845.740850583285,4102.786215015711,92.29347942112508,-15.637058536672967,107.93053795779805,52.263706349679595,0
2026-03-06,5146.10009765625,5146.10009765625,5076.10009765625,5121.0,148,4857.519644586146,4113.1674476788,87.85323243396306,-16.061844419067995,103.91507685303105,55.58149640057054,0
2026-03-09,5091.5,5160.60009765625,5077.7001953125,5155.0,639,4866.695344798454,4122.902099940703,79.01766666307867,-19.917928151961917,98.93559481504059,52.90561337088964,0
2026-03-10,5229.7001953125,5229.7001953125,5137.60009765625,5138.2001953125,4300,4880.930829132339,4133.915016312562,82.21924562349068,-13.37307935323993,95.59232497673061,58.36890790716772,0
2026-03-11,5167.39990234375,5191.2998046875,5167.39990234375,5190.7998046875,633,4892.164910434747,4144.198448014366,78.82080980723458,-13.417212135596827,92.23802194283141,55.256917567966575,0
2026-03-12,5115.7998046875,5137.2001953125,5115.7998046875,5137.2001953125,410,4900.934906287796,4153.866123205143,71.14372769021429,-16.8754354020937,88.01916309230799,52.74843344460386,0
2026-03-13,5061.7001953125,5132.39990234375,5014.10009765625,5084.0,155259,4907.2394274260205,4162.899298051982,60.002526677561036,-22.413309131797575,82.41583580935861,50.176535887060574,0
